index,name,price,condition,posted_date,url
1,【ジャーナルスタンダード別注】バブアー ビデイル フード付 ワックスジャケット,"19,500",目立った傷や汚れなし,6時間前,https://jp.mercari.com/item/m35026289690
2,【美品】Barbour BEDALE SL 38 バブアー ビデイル,"27,000",目立った傷や汚れなし,16時間前,https://jp.mercari.com/item/m25721875657
3,バブアー Barbour ビデイル　オイルジャケット,"27,000",目立った傷や汚れなし,1日前,https://jp.mercari.com/item/m10569091316
4,Barbour バブアー　ビデイル　ワックス　ブルゾン,"22,999",目立った傷や汚れなし,1日前,https://jp.mercari.com/item/m29113211991
5,Barbour バブアー　BEDALE BLACK 36 ビデイル　ブラック,"45,000",新品、未使用,21時間前,https://jp.mercari.com/item/m18239205533
6,バブアー　FLEECELINED BEDALE 38 　UR 別注　ポーラテック,"33,333",目立った傷や汚れなし,19時間前,https://jp.mercari.com/item/m59601297847
7,バブアー　ビデイル　オイルドジャケット　グリーン　38,"36,000",未使用に近い,16時間前,https://jp.mercari.com/item/m19020129386
8,バブアー　ビデイル　Barbour bedale 保存用カバー付き,"30,000",目立った傷や汚れなし,18時間前,https://jp.mercari.com/item/m33483202627
9,Barbour ビデイルSL ノンオイル 40,"32,000",新品、未使用,1日前,https://jp.mercari.com/item/m97113235482
10,Barbour バブアー　BEDALE BLACK 38 ビデイル　ブラック,"37,200",未使用に近い,1日前,https://jp.mercari.com/item/m89866972856
11,Barbour BEDALE ビデイル,"12,000",傷や汚れあり,19時間前,https://jp.mercari.com/item/m93425405817
12,Barbour バブアー ビデイルSL ノンオイル 38,"18,500",未使用に近い,1日前,https://jp.mercari.com/item/m70986444367
13,Barbour（バブアー） 【BEDALE / ビデイル】ワックス ブルゾン,"23,900",目立った傷や汚れなし,16時間前,https://jp.mercari.com/item/m11622213557
14,Barbour×BEAMS PLUS別注/BEDALE TECH CLASSIC,"26,700",目立った傷や汚れなし,1日前,https://jp.mercari.com/item/m24228052807
15,BARBOUR バブアー BEDALE SL ビデイル日本正規品 MWX0318,"10,800",目立った傷や汚れなし,1日前,https://jp.mercari.com/item/m68497530265
16,美品　Barbour BEDALE SL 2LAYER　ビデイル　ノンオイル,"28,900",目立った傷や汚れなし,18時間前,https://jp.mercari.com/item/m17853660520
17,Barbour Bedale SL 38 バブアー ビデイル 送料込み⭐︎,"22,800",やや傷や汚れあり,2日前,https://jp.mercari.com/item/m52542413413
18,【2023×美品】 Barbour Bedale ジャーナルスタンダード,"29,999",未使用に近い,1日前,https://jp.mercari.com/item/m32743093531
19,別注green label relaxingトランスポート ビデイル,"27,000",未使用に近い,1日前,https://jp.mercari.com/item/m27574681381
20,Barbour バブアー bedale original ビデイル C36,"28,800",未使用に近い,17時間前,https://jp.mercari.com/item/m12681293322
21,バブアー ビデイル OS ピーチスキン36 ネイビーBarbour BEDALE,"32,900",目立った傷や汚れなし,3日前,https://jp.mercari.com/item/m41988951551
22,Babour バブアー ビデイル SL ジャケット 36,"19,000",目立った傷や汚れなし,1日前,https://jp.mercari.com/item/m12766029167
23,バブアー　ビデイルジャケット　サイズ40,"29,999",目立った傷や汚れなし,1日前,https://jp.mercari.com/item/m97305269971
24,Barbour SL BEDALE バブアー ビデイル 36,"27,900",目立った傷や汚れなし,3日前,https://jp.mercari.com/item/m55873310559
25,Barbour バブアー ビデイル セイジ 38,"39,000",目立った傷や汚れなし,1日前,https://jp.mercari.com/item/m31212611162
26,エラー,エラー,エラー,日付情報なし,https://jp.mercari.com/item/m52323239333
27,【Barbour】JBS FLIGHT JACKET size:M,"35,000",目立った傷や汚れなし,4日前,https://jp.mercari.com/item/m62315157969
28,Barbour BEDALE sl オイルドジャケット 36 ブラック,"28,000",目立った傷や汚れなし,1日前,https://jp.mercari.com/item/m32086091402
29,タグあり　Barbour バブアー BEDALE ビデイル　オイルドジャケット,"27,000",目立った傷や汚れなし,4日前,https://jp.mercari.com/item/m58869141431
30,Barbour ビデイル　SL38 bedale sl,"22,222",やや傷や汚れあり,4時間前,https://jp.mercari.com/item/m87237799110
31,Barbour BORDER 38 バブアー ボーダー オイル ビンテージ,"11,500",やや傷や汚れあり,2日前,https://jp.mercari.com/item/m96987956485
32,【極美品】Barbour BEDALE ビデイル バブアー L,"25,200",目立った傷や汚れなし,4日前,https://jp.mercari.com/item/m67005416318
33,【美品】Barbour　BEDALE SL ウォッシュドジャケット,"23,500",目立った傷や汚れなし,3日前,https://jp.mercari.com/item/m94275572911
34,Barbour Bedale Jacket black ギャランティーカード付,"15,000",傷や汚れあり,4日前,https://jp.mercari.com/item/m54678905807
35,Barbour／BEDALE ／バブアー ビデイル／38,"24,500",傷や汚れあり,4日前,https://jp.mercari.com/item/m56945980409
36,90s Burberry's ワックスコットン オイルドジャケット,"11,000",やや傷や汚れあり,4日前,https://jp.mercari.com/item/m87770176418
37,Barbour/BEDALEワックスコットンブルゾン,"26,820",目立った傷や汚れなし,1日前,https://jp.mercari.com/item/m40534158725
38,Barbour x BEAMS PLUS/別注 BEDALE バブアー,"32,000",目立った傷や汚れなし,5日前,https://jp.mercari.com/item/m73850352749
39,エラー,エラー,エラー,日付情報なし,https://jp.mercari.com/item/m48728348267
40,定価52800円×超美品　Barbour BEDALE 2レイヤー シルバー,"27,000",未使用に近い,2日前,https://jp.mercari.com/item/m34673803755
41,Barbour バブアー　BEDALE BLACK 38 ビデイル　ブラック,"46,300",未使用に近い,5日前,https://jp.mercari.com/item/m69152131717
42,★美品★ Barbour × BEAMS PLUS / 別注 BEDALE 黒,"28,499",目立った傷や汚れなし,6日前,https://jp.mercari.com/item/m87539103384
43,nano・universe別注 ビデイル タイプライター 40 barbour,"18,000",目立った傷や汚れなし,1日前,https://jp.mercari.com/item/m44503947385
44,Barbour BEDALE SL 2LAYER　ビデイル　ノンオイル　セージ,"26,000",目立った傷や汚れなし,4日前,https://jp.mercari.com/item/m53525344469
45,良品☆バブアー　ガーメントダイ　ビデイル　灯台　ダブルジップ　コーデュロイ　M,"9,300",やや傷や汚れあり,6日前,https://jp.mercari.com/item/m18133743410
46,2回使用 美品 Barbour バブアー グレー OS Border ボーダー,"43,560",目立った傷や汚れなし,5日前,https://jp.mercari.com/item/m50691748678
47,バブアービデイルSL サイズ34 オイルドジャケット,"17,999",やや傷や汚れあり,5日前,https://jp.mercari.com/item/m55617022629
48,【試着のみ】Barbour BEDALE オイルドジャケット,"19,999",未使用に近い,5日前,https://jp.mercari.com/item/m35672701788
49,Barbour × I.G.BEAMS 別注 BEDALE SL 42,"28,000",やや傷や汚れあり,6日前,https://jp.mercari.com/item/m63759082375
50,バブアー BARBOUR BEDALE WITH HOOD DUFFER,"25,800",目立った傷や汚れなし,7日前,https://jp.mercari.com/item/m61250907105
51,【即完売品】　UA別注　OVERSIZE SOLID BEDALE　タグ付き,"31,000",目立った傷や汚れなし,8日前,https://jp.mercari.com/item/m78216432681
52,美品　Barbour バブアー　BEDALE ビデイル　SL38,"28,600",目立った傷や汚れなし,5日前,https://jp.mercari.com/item/m34872624470
53,Barbour バブアー Sl Bedale サイズ34 ネイビー,"14,800",やや傷や汚れあり,5日前,https://jp.mercari.com/item/m35460512522
54,Barbour / ビデイル CLASSIC FITピーチスキン サイズ36,"26,300",目立った傷や汚れなし,6日前,https://jp.mercari.com/item/m93518666693
55,新品【BARBOUR】別注OS PEACHED BEDALE CASUAL/40,"30,500",新品、未使用,7日前,https://jp.mercari.com/item/m56990165686
56,barbour バブアー　BEDALE SL サイズ 34,"19,900",やや傷や汚れあり,7日前,https://jp.mercari.com/item/m78578431470
57,ナノ・ユニバース別注　Barbour bedale 38 ３レイヤー,"20,000",目立った傷や汚れなし,6日前,https://jp.mercari.com/item/m83509792440
58,【beams F別注】Barbour BEDALE CLASSIC FIT,"29,500",目立った傷や汚れなし,6日前,https://jp.mercari.com/item/m63798756027
59,Barbour バブアー ビデイル SL BEDALE SL 38 ノンワックス,"19,000",未使用に近い,8日前,https://jp.mercari.com/item/m15667720935
60,エラー,エラー,エラー,日付情報なし,https://jp.mercari.com/shops/product/LvjdE5VuwuM6brE9XyBGfR
61,極上 Barbour バブアー 英国製 BEDALE ビデイル size 36,"25,500",やや傷や汚れあり,8日前,https://jp.mercari.com/item/m50632736639
62,『美品』Barbour BEDALE バブアー ビデイルオイルドジャケット,"17,800",未使用に近い,8日前,https://jp.mercari.com/item/m82067336657
63,Barbour(バブアー) BEDALE SL,"29,990",目立った傷や汚れなし,4日前,https://jp.mercari.com/item/m86361994180
64,Barbour バブアー Bedale ビデイル GRN　34 英国製,"18,000",目立った傷や汚れなし,7日前,https://jp.mercari.com/item/m72908515031
65,Barbour OS Wax Bedale MWX1679,"39,000",新品、未使用,7日前,https://jp.mercari.com/item/m23197578225
66,Barbour バブアー BEDALE ビデイル 38 オイルドジャケット,"18,000",目立った傷や汚れなし,2日前,https://jp.mercari.com/item/m63830947548
67,【A&F別注】Barbour バブアー BEDALE ORIGINAL ビデイル,"41,500",目立った傷や汚れなし,9日前,https://jp.mercari.com/item/m20666848916
68,Barbour BEDALE SL BONDED WOOLビデイル SL 40,"26,000",目立った傷や汚れなし,7日前,https://jp.mercari.com/item/m92370025276
69,断捨離のお父さん専用　Barbour BEDALE バブアーコーデュロイ 36,"15,000",未使用に近い,9日前,https://jp.mercari.com/item/m44218753311
70,バブアー ビデイル 36 ノンワックス ノンオイル,"29,000",目立った傷や汚れなし,8日前,https://jp.mercari.com/item/m20691141920
71,期間限定価格　バブアー　ビデイル　ノンオイル　SL 　38 ダークネイビー　美品,"24,225",目立った傷や汚れなし,9日前,https://jp.mercari.com/item/m45863747259
72,[鳳凰院　凶真様]バブアー　ビデイルSL ノンワックス　38,"31,000",目立った傷や汚れなし,9日前,https://jp.mercari.com/item/m45486097655
73,Barbour BEDALE バブアー ビデイル 36 ブラック,"22,000",やや傷や汚れあり,9日前,https://jp.mercari.com/item/m49885784683
74,【美品】Babour Bedale Sage ビデイル オイルドジャケット,"28,999",目立った傷や汚れなし,8日前,https://jp.mercari.com/item/m92958491319
75,エラー,エラー,エラー,日付情報なし,https://jp.mercari.com/shops/product/o6eQ28q85ZDHyXJaX4iv7E
76,バブアー　ビデイル　Barbour BEDALE C42,"9,500",傷や汚れあり,8日前,https://jp.mercari.com/item/m61520848371
77,BARBOUR BEDALE SL PEACHED ノンワックス,"16,900",やや傷や汚れあり,22時間前,https://jp.mercari.com/item/m57970712599
78,Barbour バブアー ビデイル bedale SL 2レイヤー,"23,500",未使用に近い,8日前,https://jp.mercari.com/item/m57997571848
79,BARBOUR (バブアー) BEDALE WAX JACKET,"49,700",未使用に近い,10日前,https://jp.mercari.com/item/m66388658429
80,Barbour OS Bedale ピーチスキン　バブアー　ビデイル　38,"38,000",新品、未使用,11日前,https://jp.mercari.com/item/m82518878156
81,Barbour バブアー ビデイルSL BEDALE ノンオイルジャケット 36,"32,000",目立った傷や汚れなし,11日前,https://jp.mercari.com/item/m68494234186
82,Barbour SL BEDALE ワックスジャケット　22年製　ブラック　40,"24,000",目立った傷や汚れなし,12日前,https://jp.mercari.com/item/m21271106816
83,Barbour BORDER C40/127 リプルーフ済,"9,000",やや傷や汚れあり,12日前,https://jp.mercari.com/item/m34949389497
84,barbour bedale バブアー　ビデイル　グリーン,"21,000",目立った傷や汚れなし,1日前,https://jp.mercari.com/item/m48746032520
85,Barbour バブアー ビデイル　SL セージ,"24,500",目立った傷や汚れなし,8日前,https://jp.mercari.com/item/m47008367172
86,Barbour バブアー SL BEDALE ビデイル 38 ブラック ブルゾン,"19,000",目立った傷や汚れなし,9日前,https://jp.mercari.com/item/m92396459930
87,エラー,エラー,エラー,日付情報なし,https://jp.mercari.com/shops/product/fHtFz3e5o5P8p2KkpHkxn6
88,バブアー　Barbour オイルジャケット ビデイル,"20,000",目立った傷や汚れなし,13日前,https://jp.mercari.com/item/m86893780328
89,バブアー ビデイル Barbour Bedale Wax Jacket 黒 38,"35,000",新品、未使用,12日前,https://jp.mercari.com/item/m65629790784
90,Barbour bedale 90s,"19,700",やや傷や汚れあり,14日前,https://jp.mercari.com/item/m96395785665
91,Barbour bedale wax レギュラーフィット サイズ 32,"20,700",目立った傷や汚れなし,10日前,https://jp.mercari.com/item/m63167808837
92,オフシーズン特価 L 96年製 barbour border バブアーボーダー,"14,800",目立った傷や汚れなし,9日前,https://jp.mercari.com/item/m70056131116
93,Barbour バブアー　BEDALE ビデイル　ピーチスキン コットン 38,"34,000",未使用に近い,15日前,https://jp.mercari.com/item/m57301825307
94,Barbour 別注 BEDALE OS Sleeve 40,"38,700",新品、未使用,11日前,https://jp.mercari.com/item/m23060573750
95,【BARBOUR】BEDALE SL 2LAYER,"28,000",目立った傷や汚れなし,10日前,https://jp.mercari.com/item/m67783832330
96,バブアー オイルドジャケット BEDALE SL 21AW ブラック 40,"34,800",目立った傷や汚れなし,14日前,https://jp.mercari.com/item/m68293781358
97,現行極美品✨️barbour BEAMS 別注 裏地チェック ビデイルジャケット,"42,280",未使用に近い,12日前,https://jp.mercari.com/item/m95379016921
98,★いなばしろ様専用★【Barbour】SHIPS限定仕様 スリムフィットビデイル,"13,000",目立った傷や汚れなし,13日前,https://jp.mercari.com/item/m47874326380
99,【38in BARBOUR】ビデイル SL 2レイヤー　保存袋付き,"16,666",目立った傷や汚れなし,15日前,https://jp.mercari.com/item/m80771281302
100,バブアー(Barbour) ビデイル SL スリムフィット 40,"28,000",目立った傷や汚れなし,13日前,https://jp.mercari.com/item/m91291326421
101,◆新品◆22AW◆Barbour◆BEDALE◆ オイルドジャケット◆英国製,"45,000",新品、未使用,12日前,https://jp.mercari.com/item/m81819838579
102,BARBOUR バブアー　ウォッシュド　ビデイルSL　MWX1015,"21,500",目立った傷や汚れなし,15日前,https://jp.mercari.com/item/m70547572514
103,マロ様専用ビデイル SL ノンワックス ノンオイル 40サイズ,"20,000",目立った傷や汚れなし,16日前,https://jp.mercari.com/item/m55866147985
104,試着のみ Barbour BEDALE ネイビー 38 スリムフィット,"27,000",新品、未使用,14日前,https://jp.mercari.com/item/m25046931854
105,【別注】Barbour / BEDALE New Barbour Tech 36,"30,000",新品、未使用,16日前,https://jp.mercari.com/item/m34881203322
106,ほぼ新品　希少色　黒 　ブラックウォッチ　36　 バブアー 　 ビデイル,"58,700",未使用に近い,13日前,https://jp.mercari.com/item/m84246194050
107,Barbour／BEDALE SL／バブアー ビデイルSL／38,"20,000",やや傷や汚れあり,12日前,https://jp.mercari.com/item/m94074772096
108,只今値下げ中！バブアー FREAK'S STORE別注 BEDALE 新品！,"39,000",新品、未使用,15日前,https://jp.mercari.com/item/m95159752070
109,【最終値下げ】Barbour ワックスジャケット　BEADNELL,"10,800",やや傷や汚れあり,8日前,https://jp.mercari.com/item/m22612484677
110,barbour バブアー bedale ビデイル ブラック ジャンク,"4,500",全体的に状態が悪い,16日前,https://jp.mercari.com/item/m27982805365
111,BEDALE / ビデイル　barbour バブアー　40 ブルガリア製,"32,000",目立った傷や汚れなし,16日前,https://jp.mercari.com/item/m24606488989
112,《週末値下げ》バブアー ノンワックス ビデイル SL,"17,500",やや傷や汚れあり,14日前,https://jp.mercari.com/item/m53524338340
113,Barbour BEDALE ビデイル　ブラック,"24,500",目立った傷や汚れなし,18日前,https://jp.mercari.com/item/m94422007525
114,Barbour バブアー ビデイル ピーチスキン ノンオイルジャケット,"16,000",やや傷や汚れあり,16日前,https://jp.mercari.com/item/m45281527910
115,barbour(バブアー)21ss BEDALE(ビデイル),"34,800",目立った傷や汚れなし,17日前,https://jp.mercari.com/item/m32162216234
116,美品 18AW バブアー ビデイル SL セージ 34 2レイヤー,"34,500",目立った傷や汚れなし,17日前,https://jp.mercari.com/item/m66642984067
117,Babour BEDALE ナノユニバース別注 バブアー　ピーチスキン,"17,000",目立った傷や汚れなし,16日前,https://jp.mercari.com/item/m69190308412
118,barbour バブアー bedale ビデイル オリーブ ジャンク,"5,000",全体的に状態が悪い,18日前,https://jp.mercari.com/item/m77215841146
119,Barbour Bedale OSピーチド ビデイルMCA0778 ネイビー,"29,800",目立った傷や汚れなし,14日前,https://jp.mercari.com/item/m86848507197
120,Barbour BEDALE バブアー ビデイル　ブラック,"40,000",目立った傷や汚れなし,16日前,https://jp.mercari.com/item/m81127911811
121,Barbour バブアー ビデイル SL34 ブラックウォッチ,"25,000",未使用に近い,20日前,https://jp.mercari.com/item/m14368475422
122,Lbarbour「44」オリーブ ◎bedale,"15,000",傷や汚れあり,20日前,https://jp.mercari.com/item/m94634226463
123,Barbour BEDALE / ビデイルSLワックスコットン,"25,000",目立った傷や汚れなし,21日前,https://jp.mercari.com/item/m83776803433
124,Barbour（バブァー）Bedale SL（ビデイル SL）/ブラック　40,"24,800",目立った傷や汚れなし,19日前,https://jp.mercari.com/item/m33720251115
125,【現行モデル】Barbour バブアー BEDALE BLACK 36,"39,000",目立った傷や汚れなし,20日前,https://jp.mercari.com/item/m19083312784
126,Barbour MARKAWARE EDIFIC別注 BEDALE ビデイル,"82,000",未使用に近い,19日前,https://jp.mercari.com/item/m39836561591
127,【Barbour】SPEY JACKET size:L 英国製,"45,000",目立った傷や汚れなし,22日前,https://jp.mercari.com/item/m92715003944
128,Barbour BEDALEバブアー ビデイル デニム風 サイズ42,"20,000",目立った傷や汚れなし,20日前,https://jp.mercari.com/item/m88663736034
129,バブアー　ビデイル　SL 34 セージ　XS イギリス製　オイルドジャケット,"20,000",目立った傷や汚れなし,21日前,https://jp.mercari.com/item/m69192867126
130,【美品】Barbour BEDALE バブアー　ビデイル,"30,000",目立った傷や汚れなし,23日前,https://jp.mercari.com/item/m43099440410
131,Barbour BEDALE WAX JACKET SAGE C38,"28,450",目立った傷や汚れなし,14日前,https://jp.mercari.com/item/m76774120961
132,Barbour BEDALE SL BONDED WOOLビデイル SL 40,"29,000",未使用に近い,20日前,https://jp.mercari.com/item/m49028654486
133,美品 バブアー ビデイル ロイヤルワラント,"25,000",目立った傷や汚れなし,22日前,https://jp.mercari.com/item/m30958048953
134,正規品Barbour BEDALE SL 40 バブアービデイルオリーブセージ,"32,000",目立った傷や汚れなし,18日前,https://jp.mercari.com/item/m79530285009
135,Barbour SL BEDALE WOOL SIZE 38,"26,000",やや傷や汚れあり,22日前,https://jp.mercari.com/item/m46083282768
136,Barbour×BEAMS BEDALE バブアー　ビームス別注　ビデイル,"15,999",傷や汚れあり,24日前,https://jp.mercari.com/item/m78360170324
137,エラー,エラー,エラー,日付情報なし,https://jp.mercari.com/shops/product/AzR5Jnf2QH6dREcEzuLdeA
138,Barbour × BEAMS PLUS/別注 BEDALE Barbour,"34,500",目立った傷や汚れなし,23日前,https://jp.mercari.com/item/m30476123153
139,Barbour BEDALE ブラック　Ｃ36 イギリス製　3クラウン,"32,000",目立った傷や汚れなし,25日前,https://jp.mercari.com/item/m88438120420
140,新品タグ付き　バブアー　Barbour BEDALE ビデイル 黒　40,"35,000",新品、未使用,21日前,https://jp.mercari.com/item/m23593358850
141,Barbour バブアー ビデイル BEDALE オイルドジャケット,"22,000",やや傷や汚れあり,24日前,https://jp.mercari.com/item/m42787943901
142,EDIFICE別注 Barbour SL BEDALE オイルドジャケット,"15,000",目立った傷や汚れなし,23日前,https://jp.mercari.com/item/m23955642052
143,Barbour（バブアー）　bedale sl（ビデイルSL）カモ柄,"16,800",未使用に近い,27日前,https://jp.mercari.com/item/m98272507349
144,最終★新品【BARBOUR】ビデイルSL★ナイロン キルティング / ブルゾン,"24,000",新品、未使用,25日前,https://jp.mercari.com/item/m55841709311
145,BARBOUR nano・universe別注　ビデイル,"17,000",目立った傷や汚れなし,27日前,https://jp.mercari.com/item/m19367347626
146,エラー,エラー,エラー,日付情報なし,https://jp.mercari.com/shops/product/tGPFnRx6EasqrRgx6erEvE
147,エラー,エラー,エラー,日付情報なし,https://jp.mercari.com/shops/product/FG5r9fbMpviH3sMCAFgoLS
148,【ジョージ様専用】Barbour×BEAMS 別注 BEDALE ビデイル,"17,000",やや傷や汚れあり,29日前,https://jp.mercari.com/item/m18296192039
149,【美品】バブアー Barbour Bedale SL ビデイル 38,"22,000",目立った傷や汚れなし,29日前,https://jp.mercari.com/item/m55105662122
150,BEDALE SL ビデイル　Barbour,"32,000",目立った傷や汚れなし,25日前,https://jp.mercari.com/item/m95066386561
151,【最終値下げ】バブアー Barbour BEDALE ビデイル グレンチェック,"36,000",目立った傷や汚れなし,27日前,https://jp.mercari.com/item/m56818378044
152,★美品 Barbour 秋冬春 超高級4.2万 L 40 ハンティングジャケット,"21,700",目立った傷や汚れなし,28日前,https://jp.mercari.com/item/m41313422995
153,Babour バブアー　CLASSIC BEDALE クラシックビデイル 42,"18,999",やや傷や汚れあり,27日前,https://jp.mercari.com/item/m63380800275
154,【Barbour】バブアー ビデイル オイルドジャケット 34,"22,500",目立った傷や汚れなし,27日前,https://jp.mercari.com/item/m74280842390
155,Barbour BEDALE SL size38 セージ,"32,800",目立った傷や汚れなし,29日前,https://jp.mercari.com/item/m72380148251
156,新品Barbour（バブアー）【BEDALE / ビデイル】ワックス SL 38,"44,000",新品、未使用,21日前,https://jp.mercari.com/item/m10732755595
157,Barbour Bedale SL 38 バブアー ビデイル 送料込み⭐︎,"24,800",目立った傷や汚れなし,29日前,https://jp.mercari.com/item/m80414180913
158,Barbourビデイル,"33,000",未使用に近い,27日前,https://jp.mercari.com/item/m82982324679
159,【90年代】Barbour BEDALE SAGE c40程度,"10,000",傷や汚れあり,1日前,https://jp.mercari.com/item/m88961960634
160,エラー,エラー,エラー,日付情報なし,https://jp.mercari.com/item/m20533743037
161,BARBOUR relume別注 TRANSPORT 36 ブラック,"29,800",未使用に近い,1か月前,https://jp.mercari.com/item/m74369403061
162,Barbour バブアー Bedale ビデイル GRN　34,"22,000",目立った傷や汚れなし,1か月前,https://jp.mercari.com/item/m49919673701
163,【値下げしました！】Barbour バブアー SL BEDALE ビデイル 34,"15,000",傷や汚れあり,1か月前,https://jp.mercari.com/item/m48878354881
164,Barbour × BEAMS ビデイルSL,"24,000",目立った傷や汚れなし,1か月前,https://jp.mercari.com/item/m93717337846
165,ミル様専用【美品】Barbour Bedale SL Blitish Wool,"23,000",目立った傷や汚れなし,1か月前,https://jp.mercari.com/item/m72679846753
166,【美品】 着用2回 barbour バブアー BEDALE ビデイル オイルド,"35,000",未使用に近い,1か月前,https://jp.mercari.com/item/m43820437789
167,【新品】Barbour（バブアー）BEDALE ビデイル　ブラックウォッチ 34,"22,500",新品、未使用,2か月前,https://jp.mercari.com/item/m81352405790
168,Babour バブアー　BEDALE ビデイルオリジナル　英国製c34,"18,000",やや傷や汚れあり,2か月前,https://jp.mercari.com/item/m61751294652
169,BARBOUR パントン ビデイル オイルドジャケット キルティング,"7,200",傷や汚れあり,1か月前,https://jp.mercari.com/item/m18361292352
170,【BEDALE / ビデイル】ワックス コットン ブルゾン,"27,000",目立った傷や汚れなし,1か月前,https://jp.mercari.com/item/m21050065172
171,Barbour バブアー BEDALE ビデイルSL ピーチスキン 38,"13,500",やや傷や汚れあり,2か月前,https://jp.mercari.com/item/m29538392168
172,M様専用　Barbour　SL バブアー　ビテイル 美品!,"25,000",目立った傷や汚れなし,2か月前,https://jp.mercari.com/item/m56120757187
173,Barbour BEDALE SL 36 united arrows 別注,"18,500",目立った傷や汚れなし,2か月前,https://jp.mercari.com/item/m35051048651
174,バブアー　Barbour ビデイル　40 ネイビー,"25,000",目立った傷や汚れなし,2か月前,https://jp.mercari.com/item/m79090648569
175,Barbour BEDALE SL バブアー　ビデイル ピーチスキン　美品,"17,999",目立った傷や汚れなし,2か月前,https://jp.mercari.com/item/m78535891932
176,値下　barbour bedale バブアー　ビデイル　ジャケット　beaver,"8,499",未使用に近い,17日前,https://jp.mercari.com/item/m51099866484
177,BARBOUR バブアー BEDALE SL ビデイル セージ 36,"19,000",目立った傷や汚れなし,2か月前,https://jp.mercari.com/item/m34417630923
178,Barbour 18年製 BEDALE SL ビデイル バブアー 34 sage,"20,000",目立った傷や汚れなし,2か月前,https://jp.mercari.com/item/m42797751756
179,koki様専用 Barbour BEAMSPLUS 別注 ジャケット,"33,900",目立った傷や汚れなし,2か月前,https://jp.mercari.com/item/m21297817081
180,【専用です】美品 Barbour バブアー ビデイルジャケット 38サイズ,"24,000",目立った傷や汚れなし,2か月前,https://jp.mercari.com/item/m84828990198
181,オフシーズン特価 95年製 L barbour「44」ネイビー◎bedale,"15,300",目立った傷や汚れなし,2か月前,https://jp.mercari.com/item/m66387984398
182,バブアー　フーデッドビデイル,"22,000",目立った傷や汚れなし,2か月前,https://jp.mercari.com/item/m60514720996
183,Barbour　バブアー 別注 BEDALE INSULATION/ビデイル,"47,975",新品、未使用,2か月前,https://jp.mercari.com/item/m52905166302
184,バブアー　ビデイルSL　サイズ34　オイル抜き済み,"13,000",やや傷や汚れあり,2か月前,https://jp.mercari.com/item/m82000873705
185,【最安値】Barbour バブアー クラシックビデイル ワックスジャケット 36,"30,000",目立った傷や汚れなし,2か月前,https://jp.mercari.com/item/m47698772700
186,Barbour（バブアー）　BEDALE（ビデイル）　サイズ36,"25,000",未使用に近い,2か月前,https://jp.mercari.com/item/m58924379091
187,Barbour × BEAMS PLUS/別注 BEDALE Barbour,"33,155",目立った傷や汚れなし,1か月前,https://jp.mercari.com/item/m85609099682
188,Barbour peach skin BEDALE SL 36,"14,000",やや傷や汚れあり,2か月前,https://jp.mercari.com/item/m62500713293
189,【極微品・フード追加可】 Barbour Bedale SL 36ビデイル SL,"25,000",未使用に近い,2か月前,https://jp.mercari.com/item/m61605412031
190,Barbour バブアー MOLLOY&SONS別注 SLビデイル 36,"45,000",未使用に近い,4日前,https://jp.mercari.com/item/m84525506759
191,バブアー ビデイル SL ノンオイル ノンワックス ジャケット M ベージュ,"16,000",やや傷や汚れあり,2か月前,https://jp.mercari.com/item/m54458782693
192,Barbour バブアー BEDALE ビデイル ノンオイルド ジャケット38,"31,500",目立った傷や汚れなし,27日前,https://jp.mercari.com/item/m78022537425
193,M07　Barbour　バブアー　ビデイル　38　ノンオイル　ビンテージ　古着,"16,800",やや傷や汚れあり,2か月前,https://jp.mercari.com/item/m77276337116
194,【Barbour】NANO UNIVERSE別注 BEDALE SL DENIM,"33,200",目立った傷や汚れなし,2か月前,https://jp.mercari.com/item/m62246070101
195,バブアー　ビデイル,"26,500",未使用に近い,2か月前,https://jp.mercari.com/item/m87024276035
196,バブアー Barbour ビデイル 　ピーチスキン　34 スリムフィット,"28,000",目立った傷や汚れなし,23日前,https://jp.mercari.com/item/m72270169981
197,バブアー ビデイルジャケット オイルジャケット 38 ユナイテッドアローズ別注,"19,000",やや傷や汚れあり,2か月前,https://jp.mercari.com/item/m69496934113
198,barbour bedale ビデイル サイズ40 ラスティック 希少色,"12,000",やや傷や汚れあり,1か月前,https://jp.mercari.com/item/m91750185126
199,Barbour SL BEDALE ノンオイル スリムフィット ジャケット 36,"10,000",傷や汚れあり,2か月前,https://jp.mercari.com/item/m76906326697
200,バブアー ブルゾン BARBOUR【BEDALE：ビデイル】,"30,000",目立った傷や汚れなし,2か月前,https://jp.mercari.com/item/m80619956837
201,Barbour BEDALE バブアー　ビデイル　フード付き34,"18,000",やや傷や汚れあり,2か月前,https://jp.mercari.com/item/m10519049367
202,【Barbour】 ビデイル 38,"18,000",やや傷や汚れあり,2か月前,https://jp.mercari.com/item/m93419698911
203,Barbour BEDALE バブアー ビデイル SL 40 ベージュ ピーチド,"13,000",目立った傷や汚れなし,2か月前,https://jp.mercari.com/item/m57248782512
204,バブアー　ビデイル　Barbour BEDALE,"24,800",目立った傷や汚れなし,2か月前,https://jp.mercari.com/item/m54279652898
205,babour BEAMS別注　ビデイル,"15,000",やや傷や汚れあり,2か月前,https://jp.mercari.com/item/m21044533834
206,雰囲気◎オイル抜けきり Barbour BEDALE ビデイル 94年製,"8,500",傷や汚れあり,2か月前,https://jp.mercari.com/item/m62494653115
207,バブアー　ビデイル　BARBOUR BEDALE SL,"28,100",目立った傷や汚れなし,2か月前,https://jp.mercari.com/item/m34001780922
208,バブアー　トランスポート　ノンオイル　ピーチスキン　36 OS,"33,999",目立った傷や汚れなし,2か月前,https://jp.mercari.com/item/m32139021545
209,Barbour バブアー　BEDALE BLACK 38 ビデイル,"42,700",新品、未使用,2か月前,https://jp.mercari.com/item/m73329294434
210,美品　Barbour BEDALE　オイルドジャケット　コーディロイ　32,"20,000",目立った傷や汚れなし,2か月前,https://jp.mercari.com/item/m51650654482
211,Barbour BEDALE ORIGINAL,"25,000",目立った傷や汚れなし,2か月前,https://jp.mercari.com/item/m28190404523
212,Barbour BEDALE SL JACKET,"25,000",目立った傷や汚れなし,2か月前,https://jp.mercari.com/item/m21425004985
213,エラー,エラー,エラー,日付情報なし,https://jp.mercari.com/shops/product/e4meXn5NY8PyiUGWzE9NY8
214,美品 Barbour×BEAMS F ウォッシュ加工 ビデイルSLジャケット,"17,500",目立った傷や汚れなし,2か月前,https://jp.mercari.com/item/m18145250803
215,dege2023様専用　Barbour（バブアー）　ビデイル　ノンオイル,"26,500",未使用に近い,半年以上前,https://jp.mercari.com/item/m77241781750
216,エラー,エラー,エラー,日付情報なし,https://jp.mercari.com/item/m81265354596
217,Barbour バブアー BEDALE ビデイル,"20,000",目立った傷や汚れなし,半年以上前,https://jp.mercari.com/item/m51395736942
218,Barbour（バブアー） BEDALE（ビデイル）　ワックスコットンブルゾン,"21,000",目立った傷や汚れなし,12日前,https://jp.mercari.com/item/m30337894693
219,【BARBOUR×JOURNAL STANDARD / バブアー】SIZE:40,"30,000",未使用に近い,半年以上前,https://jp.mercari.com/item/m93807899419
220,Barbour BEDALE 36 バブアー　ビデイルSL　ブラック,"9,000",やや傷や汚れあり,半年以上前,https://jp.mercari.com/item/m16052120229
221,バブアー　ビデイルSL 2レイヤー　36 Barbour bedaleSL,"44,000",未使用に近い,1か月前,https://jp.mercari.com/item/m81037947254
222,Barbour BEDALE 2LAYER OLIVE M(38),"36,000",未使用に近い,5か月前,https://jp.mercari.com/item/m48740223586
223,バブアー　ビデイル 40 Barbour BEDALE SL 黒　希少2ワラント,"29,000",目立った傷や汚れなし,半年以上前,https://jp.mercari.com/item/m81197875069
224,BARBOUR(バブアー) BEDALE SL ピーチド,"28,000",目立った傷や汚れなし,半年以上前,https://jp.mercari.com/item/m76912257983
225,Barbour バブアー　ビデイルノンワックスジャケット,"18,000",目立った傷や汚れなし,半年以上前,https://jp.mercari.com/item/m57233563146
226,【別注】barbour × workahoLC オーバーサイズビデイル,"42,200",目立った傷や汚れなし,半年以上前,https://jp.mercari.com/item/m15627690925
227,Barbour 国内正規品 SL Bedale,"18,000",目立った傷や汚れなし,半年以上前,https://jp.mercari.com/item/m69610314567
228,Barbour BEDALE バブアー ビデイル,"10,000",やや傷や汚れあり,2か月前,https://jp.mercari.com/item/m42378243577
229,Barbour（バブアー）×ships　bedale sl（ビデイルSL）カモ柄,"11,000",目立った傷や汚れなし,半年以上前,https://jp.mercari.com/item/m18433660899
230,バブアー barbour ビデイル BEDALE 34,"21,000",目立った傷や汚れなし,6日前,https://jp.mercari.com/item/m14173017054
231,最終お値下げ！Barbour ビデイル　ネイビー,"6,000",傷や汚れあり,半年以上前,https://jp.mercari.com/item/m93660832087
232,バブアー Barbour ビデイル Bedale SL 34 カーキ　オリーブ,"15,800",やや傷や汚れあり,半年以上前,https://jp.mercari.com/item/m82902574704
233,バブアー/ Barbour ビデイル BEDALE 38,"16,020",目立った傷や汚れなし,半年以上前,https://jp.mercari.com/item/m99094254329
234,SPECIAL 80s Barbour bedale c38 1crest,"83,000",目立った傷や汚れなし,半年以上前,https://jp.mercari.com/item/m68263693466
235,Barbour　OS WAX Bedale ブラック　38 バブアー　ビデイル,"42,900",新品、未使用,半年以上前,https://jp.mercari.com/item/m13129399407
236,Barbour BEDALE（ビデイル）ネイビー：ピーチスキン（サイズ：36）,"20,000",目立った傷や汚れなし,半年以上前,https://jp.mercari.com/item/m53073723842
237,桜木様　Barbour BEDALE ビデイル　SL フリークスストア別注,"11,111",未使用に近い,半年以上前,https://jp.mercari.com/item/m84010782881
238,Barbourバブアー ビデイルSLジャケット,"19,000",目立った傷や汚れなし,半年以上前,https://jp.mercari.com/item/m60406204302
239,希少 ミント 　80s　 36　バブアー　4ポケット　 ビデイル　セージ,"50,400",目立った傷や汚れなし,半年以上前,https://jp.mercari.com/item/m71921070357
240,BARBOUR BEDALE バブアー ビデイル 英国製 オイルドジャケット,"18,000",やや傷や汚れあり,半年以上前,https://jp.mercari.com/item/m13471770155
241,Barbour フーデットビデイル　サイズ40,"34,500",未使用に近い,5か月前,https://jp.mercari.com/item/m31545129047
242,Barbour Bedale brown現行　バブアー　ビデイル,"17,000",やや傷や汚れあり,半年以上前,https://jp.mercari.com/item/m58918026438
243,Barbour バブアー　BEDALE 36,"28,500",目立った傷や汚れなし,半年以上前,https://jp.mercari.com/item/m86150535784
244,Barbour バブアー　BEDALE SL 34 セージ,"14,250",やや傷や汚れあり,半年以上前,https://jp.mercari.com/item/m83124322924
245,バブアー ビデイル 38 値下げ,"22,000",目立った傷や汚れなし,半年以上前,https://jp.mercari.com/item/m58844913073
246,Barbour バブアー BEDALE SAGE セージ　36レギュラーフィット,"22,950",目立った傷や汚れなし,半年以上前,https://jp.mercari.com/item/m17540216518
247,バブアーBarbour 稀少SL BEDALE ビデイル オイルドコットン,"41,000",目立った傷や汚れなし,半年以上前,https://jp.mercari.com/item/m94227124695
248,エラー,エラー,エラー,日付情報なし,https://jp.mercari.com/item/m53287792421
249,エラー,エラー,エラー,日付情報なし,https://jp.mercari.com/item/m58501728227
250,Barbour BEDALE SL バブアー　ビデイル　ブラウン　38,"28,000",未使用に近い,半年以上前,https://jp.mercari.com/item/m39025222854
251,Barbour バブアーBEDALE 34/ ビデイル】 （スリム フィット）黒,"12,300",やや傷や汚れあり,半年以上前,https://jp.mercari.com/item/m68456692804
252,Barbour　BEDALE ノンオイル　SOPHNETコラボ,"13,500",目立った傷や汚れなし,半年以上前,https://jp.mercari.com/item/m21020691055
253,エラー,エラー,エラー,日付情報なし,https://jp.mercari.com/shops/product/mFdKALnmmcRF3xBazq7mzf
254,【極美品】Barbour（バブアー） BEDALE / ビデイル SL,"25,000",未使用に近い,半年以上前,https://jp.mercari.com/item/m49707438854
255,Barbour ビデイルsl ワックスコットン　38サイズ　美品,"33,500",未使用に近い,半年以上前,https://jp.mercari.com/item/m16143309442
256,Barbour BEDALE,"22,000",目立った傷や汚れなし,半年以上前,https://jp.mercari.com/item/m66997814020
257,Barbour（バブアー） BEDALE（ビデイル）　ワックスコットンブルゾン,"20,000",目立った傷や汚れなし,半年以上前,https://jp.mercari.com/item/m70397790649
258,Barbour Bedale SL 2layer 38,"27,999",目立った傷や汚れなし,半年以上前,https://jp.mercari.com/item/m87306564641
259,BARBOUR SL BEDALE PEACH SKIN バブアー　ビデイル,"30,600",目立った傷や汚れなし,半年以上前,https://jp.mercari.com/item/m73122668134
260,【美品】バブアー　ビデイル　ピーチスキン　オーバーサイズ　40,"29,800",目立った傷や汚れなし,半年以上前,https://jp.mercari.com/item/m26943672636
261,BARBOUR バブアー ビデイル ノンオイル ジャケット BEDALE,"24,000",未使用に近い,半年以上前,https://jp.mercari.com/item/m49097134338
262,最終値下Barbour バブアー Bedale ビデイル 4PK 4つポケット,"13,800",目立った傷や汚れなし,半年以上前,https://jp.mercari.com/item/m98061394281
263,【最終値下げ】80s Barbour spey バブアー スペイ ヴィンテージ,"66,000",目立った傷や汚れなし,半年以上前,https://jp.mercari.com/item/m75874286889
264,Barbour SLビデイル　size38,"18,500",目立った傷や汚れなし,半年以上前,https://jp.mercari.com/item/m97675689744
265,Barbour バブアー　ビデイル　ウールツイード　メランジジャケット,"24,700",未使用に近い,半年以上前,https://jp.mercari.com/item/m10480849506
266,Barbour bedale sl バブアー ビデイル ウォッシュド 36,"18,500",目立った傷や汚れなし,半年以上前,https://jp.mercari.com/item/m25383055671
267,BARBOUR SL BEDALE,"19,000",目立った傷や汚れなし,半年以上前,https://jp.mercari.com/item/m58261890785
268,BARBOUR バブアー Bedale Wax Jacket Sage,"40,000",目立った傷や汚れなし,半年以上前,https://jp.mercari.com/item/m94157778489
269,【希少】Barbour バブアー ビデイル ブラック ブラックウォッチ C36,"23,800",やや傷や汚れあり,半年以上前,https://jp.mercari.com/item/m51286853133
270,Barbour　バブアー　BEDALE　ビデイル　リペア済み　オイルドジャケット,"12,200",傷や汚れあり,半年以上前,https://jp.mercari.com/item/m10616673193
271,【No.035】Barbour BEDALE made in ENGLAND,"10,000",傷や汚れあり,半年以上前,https://jp.mercari.com/item/m59075806322
272,Barbour SL BEDALE ビデイル オイルドジャケット/W422,"29,000",目立った傷や汚れなし,半年以上前,https://jp.mercari.com/item/m37660753151
273,Barbour 別注 BEDALE OS,"33,000",目立った傷や汚れなし,半年以上前,https://jp.mercari.com/item/m83907444412
274,Mint 90s Barbour bedale c36　ビンテージ　バブアー,"45,000",目立った傷や汚れなし,半年以上前,https://jp.mercari.com/item/m63151396548
275,バブアー　ビデイル　カーキ,"25,000",目立った傷や汚れなし,半年以上前,https://jp.mercari.com/item/m14065219746
276,Barbour バブアー BEDALE ビデイル　SAGE セージ　36,"41,000",新品、未使用,半年以上前,https://jp.mercari.com/item/m32255568166
277,美品 Barbour バブアー ビデイルジャケット ホワイト シロ ブルゾン36,"15,600",目立った傷や汚れなし,半年以上前,https://jp.mercari.com/item/m16237471560
278,Barbour bedale 40 セージ,"37,000",未使用に近い,半年以上前,https://jp.mercari.com/item/m31862348509
279,バブアー ビデイル SL ピーチド セージ size34,"15,050",やや傷や汚れあり,半年以上前,https://jp.mercari.com/item/m79114804019
280,90s barbour bedale 3ワラント　オイル抜き,"11,400",傷や汚れあり,半年以上前,https://jp.mercari.com/item/m43566481903
281,bedale peaced skin ビデイル ピーチスキン 40 ノンワックス,"29,000",目立った傷や汚れなし,半年以上前,https://jp.mercari.com/item/m78128965659
282,Barbour バブアー ビデイルSL ピーチド サイズ40,"18,000",目立った傷や汚れなし,半年以上前,https://jp.mercari.com/item/m84174824074
283,Barbour / バブアー　BEDALE SL（Slimefit）ビデイル,"25,000",目立った傷や汚れなし,半年以上前,https://jp.mercari.com/item/m13380703132
284,最強バブアーBARBOUR×BEAMS別注抜群のコンディションvintage古着,"32,000",新品、未使用,半年以上前,https://jp.mercari.com/item/m15121948136
285,Barbour⭐︎バブアー　ビデイル SL SHAPE MEMORYネイビー　36,"13,900",目立った傷や汚れなし,半年以上前,https://jp.mercari.com/item/m62665754599
286,Barbour BEDALE 38,"10,000",やや傷や汚れあり,半年以上前,https://jp.mercari.com/item/m46066058669
287,Barbour SL BEDALE WASHED ビデイル 38,"12,000",やや傷や汚れあり,半年以上前,https://jp.mercari.com/item/m50026490498
288,ぺさん専用　L BEDALE WAXED COTTON2023年購入,"31,500",目立った傷や汚れなし,半年以上前,https://jp.mercari.com/item/m87012200785
289,限定品　Barbour BEDALE POP UP,"25,000",未使用に近い,半年以上前,https://jp.mercari.com/item/m17101794970
290,未使用品✨ Barbour バブワー BEDALE SL PEACHED 38,"24,900",新品、未使用,半年以上前,https://jp.mercari.com/item/m19642801500
291,【即完売】バブアー　ナノユニバース別注　オーバーサイズ　ビデイル　カーキ　38,"13,500",やや傷や汚れあり,半年以上前,https://jp.mercari.com/item/m61771246604
292,超美品❗️BARBOUR BEDALE SL バブアー ビデイルsl 36 英国製,"22,950",目立った傷や汚れなし,半年以上前,https://jp.mercari.com/item/m60890909560
293,Barbour バブアー BEDALE ビデイル SL スリムフィット 36,"18,000",やや傷や汚れあり,半年以上前,https://jp.mercari.com/item/m95226380969
294,Barbour バブアー ビデイル SL 38 BEDALE セージオイルド,"20,000",目立った傷や汚れなし,半年以上前,https://jp.mercari.com/item/m91597946030
295,【ほぼ新品】バブアー　BEDALEジャケット,"23,000",未使用に近い,半年以上前,https://jp.mercari.com/item/m31471576983
296,バブアー　ビデイルSL 34 ノンオイル　ノンワックス,"29,410",目立った傷や汚れなし,半年以上前,https://jp.mercari.com/item/m20858779174
297,エラー,エラー,エラー,日付情報なし,https://jp.mercari.com/shops/product/7YqRcrMtdf9WvyyDiufJmW
298,バブアー　ビームスプラス別注　ビデイル,"42,000",目立った傷や汚れなし,5か月前,https://jp.mercari.com/item/m74523789398
299,バブアーBarbourジャケット⭐︎コートSLビデイル,"11,980",目立った傷や汚れなし,半年以上前,https://jp.mercari.com/item/m56877355907
300,【値下げ中】Barbour Bedale C34 86CM バブアー ビデイル,"19,000",目立った傷や汚れなし,半年以上前,https://jp.mercari.com/item/m50760384060
301,Barbour ARKnets 別注 2022AW BIG BEDALE 48,"45,000",未使用に近い,半年以上前,https://jp.mercari.com/item/m62678932899
302,BARBOUR BEDALE WILLIAM BLISS ジャケット,"45,000",目立った傷や汚れなし,半年以上前,https://jp.mercari.com/item/m39577118135
303,95年製 barber bedale c34 バブアー ビデイル ヴィンテージ,"10,200",傷や汚れあり,半年以上前,https://jp.mercari.com/item/m78375917095
304,15日まで限定価格！ バブアー Barbour ビデイル セージ 34,"21,500",新品、未使用,半年以上前,https://jp.mercari.com/item/m95131483395
305,バブアー　BEDALE グリーン　サイズ36ワックス コットン ブルゾン,"21,000",未使用に近い,半年以上前,https://jp.mercari.com/item/m60611832127
306,Barbour バブアー　BEDALE ビデイルSL ネイビー　34,"16,000",目立った傷や汚れなし,半年以上前,https://jp.mercari.com/item/m61942078007
307,Barbour BEDALE バブアー ビデイル / 140,"15,600",傷や汚れあり,半年以上前,https://jp.mercari.com/item/m74540512547
308,Barbour バブアー BEDALE ビデイル SL38 ネイビー,"18,100",やや傷や汚れあり,半年以上前,https://jp.mercari.com/item/m64024030060
309,Barbour バブアー Bedale SL Wool Tartan 36,"29,800",目立った傷や汚れなし,半年以上前,https://jp.mercari.com/item/m55116549010
310,Barbour バブアー　80年代　80s BEDALE ビデイル　四つポケ,"54,000",目立った傷や汚れなし,半年以上前,https://jp.mercari.com/item/m95499070671
311,Barbour　ビデイル　ノンオイル　2WAY　ジャケット　38サイズ,"33,000",目立った傷や汚れなし,半年以上前,https://jp.mercari.com/item/m15888061293
312,barbour classic bewick 36 オイルドコットン　セージ,"12,500",目立った傷や汚れなし,半年以上前,https://jp.mercari.com/item/m26835964599
313,【美品】Barbour BEDALE バブアー　ビデイル,"22,000",やや傷や汚れあり,半年以上前,https://jp.mercari.com/item/m47428870152
314,FREAK'S STORE 別注 Barbour BIG BEDALE 46,"45,000",新品、未使用,半年以上前,https://jp.mercari.com/item/m76173836661
315,barbour beaufort 36 ブラック,"11,200",やや傷や汚れあり,半年以上前,https://jp.mercari.com/item/m72640351697
316,バブアービデイル　90年代　スリーロワラント　オイルドジャケット　緑グリーン古着,"11,120",やや傷や汚れあり,半年以上前,https://jp.mercari.com/item/m41362238532
317,Barbour バブアー　BEDALE ビデイルSL,"23,900",目立った傷や汚れなし,半年以上前,https://jp.mercari.com/item/m42818142985
318,Barbour バブアー ネイビー ビデイル SL,"23,000",目立った傷や汚れなし,半年以上前,https://jp.mercari.com/item/m24916214994
319,barbour bedale SL バブアー ビデイル オイルドジャケット 36,"14,580",やや傷や汚れあり,半年以上前,https://jp.mercari.com/item/m84869114633
320,【未使用】Barbour MARKAWARE BEDALE サイズ1,"95,000",新品、未使用,半年以上前,https://jp.mercari.com/item/m39760248527
321,Barbour BEDALE バブアー ビデイル ヴィンテージ 90's 英国製,"5,700",全体的に状態が悪い,半年以上前,https://jp.mercari.com/item/m28351068352
322,Barbour × BEAMS F / 別注 シェイプメモリー ジャケット,"21,000",目立った傷や汚れなし,半年以上前,https://jp.mercari.com/item/m19036537059
323,【今期バブアー】BEDALEビデイル ピーチスキン コットン （オーバーサイズ）,"39,300",新品、未使用,半年以上前,https://jp.mercari.com/item/m91961475110
324,Barbour バブアー Bedale ビデイル セージ サイズ38,"23,000",やや傷や汚れあり,半年以上前,https://jp.mercari.com/item/m55065573272
325,無骨感◎90s Barbour バブアー BEDALE オイルドジャケット,"13,800",やや傷や汚れあり,半年以上前,https://jp.mercari.com/item/m31713963664
326,✳︎ KEN様✳︎Barbour バブアー ビデイル BEDALE メンズ,"21,500",目立った傷や汚れなし,半年以上前,https://jp.mercari.com/item/m42601823645
327,エラー,エラー,エラー,日付情報なし,https://jp.mercari.com/shops/product/evvEDPDAmKjDsNbXUzDdjR
328,エラー,エラー,エラー,日付情報なし,https://jp.mercari.com/shops/product/5Qb9co2KiCBTfVgekUaXy6
329,BARBOUR BEDALE SL 40,"33,000",目立った傷や汚れなし,半年以上前,https://jp.mercari.com/item/m89548972160
330,Barbour(バブアー )ウォータープルーフ ジャケット ノンオイル,"23,000",未使用に近い,半年以上前,https://jp.mercari.com/item/m13872091737
331,バブアー　barbour ビデイル　BEDALE ライナー付,"24,000",傷や汚れあり,半年以上前,https://jp.mercari.com/item/m97534469815
332,【最終価格】バブアー / ビデイルSL オイルドジャケット サイズ：３６,"23,800",未使用に近い,半年以上前,https://jp.mercari.com/item/m57872087933
333,42 Barbour バブアー ビデイル,"29,000",未使用に近い,半年以上前,https://jp.mercari.com/item/m57229142872
334,バブアー　barbour ビデイル　bedale,"10,000",傷や汚れあり,半年以上前,https://jp.mercari.com/item/m81226432442
335,Barbour transport オイルドジャケットセージ,"16,000",やや傷や汚れあり,半年以上前,https://jp.mercari.com/item/m38561365217
336,【40】Barbour チェック柄 ビデイル ワックスコットン ジャケット,"18,000",目立った傷や汚れなし,半年以上前,https://jp.mercari.com/item/m91687026106
337,Barbour bedale バブアー ビデイルSL 38 ネイビー,"19,500",目立った傷や汚れなし,半年以上前,https://jp.mercari.com/item/m94146163871
338,エラー,エラー,エラー,日付情報なし,https://jp.mercari.com/item/m11901311796
339,エラー,エラー,エラー,日付情報なし,https://jp.mercari.com/item/m21689139581
340,【YYさん専用】BEAMS PLUS別注 BARBOUR Bedale,"18,000",目立った傷や汚れなし,半年以上前,https://jp.mercari.com/item/m18275253455
341,BarbourビデイルSL 40(Lサイズ) Sage,"28,000",目立った傷や汚れなし,半年以上前,https://jp.mercari.com/item/m73610063789
342,Barbour BEDALE SL バブアー　ビデイル スリムフィット,"19,000",未使用に近い,半年以上前,https://jp.mercari.com/item/m12270135888
343,【サイズ36】Barbour 2LAYER SL BEDALE（ノンオイル）,"11,500",目立った傷や汚れなし,半年以上前,https://jp.mercari.com/item/m39660912965
344,Barbourバブアー英国製BEDALE軽量ライトビデイルジャケットL ブラウン,"17,000",やや傷や汚れあり,半年以上前,https://jp.mercari.com/item/m15638321322
345,★新品 BARBOUR SL BEDALE バブアー ワックスドコットン 40,"35,000",新品、未使用,半年以上前,https://jp.mercari.com/item/m82395909483
346,ガリガリ君専用 バブアーBEDALE SL ビデイル ジャケット スリムフィット,"31,500",新品、未使用,半年以上前,https://jp.mercari.com/item/m25964648460
347,Barbour バブアー フーデッド スリムフィット ビデイル ブルー 34,"7,500",目立った傷や汚れなし,半年以上前,https://jp.mercari.com/item/m30954227861
348,BARBOUR 12SS Cotton Bedale SL-Navy/XL,"17,600",目立った傷や汚れなし,半年以上前,https://jp.mercari.com/item/m41328275236
349,【バブアー/ビデイルSL】オイルドジャケット,"25,000",目立った傷や汚れなし,半年以上前,https://jp.mercari.com/item/m71907403660
350,SOPHNET Barbour BEDALE バブアー　ビデイル,"5,800",やや傷や汚れあり,半年以上前,https://jp.mercari.com/item/m58389147602
351,shigeruさま専用○barbour オイルジャケット BEDALE,"13,500",やや傷や汚れあり,半年以上前,https://jp.mercari.com/item/m15217816151
352,Barbour/バブアー 別注 BEDALE INSULATION,"50,900",新品、未使用,半年以上前,https://jp.mercari.com/item/m32979220085
353,バブアー ビデイル40Lリプルーフ済Barbour BEDALE,"20,000",傷や汚れあり,1か月前,https://jp.mercari.com/item/m10537390813
354,黒崎様専用,"68,000",目立った傷や汚れなし,半年以上前,https://jp.mercari.com/item/m57361807283
355,Barbour バブアー BEDALE ビデイル 38,"24,700",目立った傷や汚れなし,半年以上前,https://jp.mercari.com/item/m12013117025
356,【クリス様専用】Barbour バブアー　ビデイル　サイズ:36,"24,000",目立った傷や汚れなし,半年以上前,https://jp.mercari.com/item/m68412441293
357,BARBOUR バブアー　BEDALE SL SHIPS別注　ビデイル,"16,999",やや傷や汚れあり,半年以上前,https://jp.mercari.com/item/m76452160067
358,美品　Barbour OVER SIZE WAX BEDALE 38 ビデイル,"29,250",目立った傷や汚れなし,半年以上前,https://jp.mercari.com/item/m18137585867
359,Barbour SL Bedale 38,"28,000",目立った傷や汚れなし,半年以上前,https://jp.mercari.com/item/m28324598061
360,【いそべ様専用】バブアー　ビームスプラス別注　ビデイル　2layer,"28,000",未使用に近い,半年以上前,https://jp.mercari.com/item/m43767973372
361,値下げ超美品バブアービデイル38クラッシック,"32,775",未使用に近い,半年以上前,https://jp.mercari.com/item/m58859492594
362,バブアー Barbour BEDALE ビデイルSL ２レイヤー,"34,000",目立った傷や汚れなし,半年以上前,https://jp.mercari.com/item/m90411402575
363,babour バブアー ビデイル　beams別注モデル,"29,700",未使用に近い,半年以上前,https://jp.mercari.com/item/m86956065466
364,バブアー　Barbour BEDALE 40,"40,000",目立った傷や汚れなし,半年以上前,https://jp.mercari.com/item/m16604740516
365,Barbour × FREAK’S STORE 別注 ビデイル OS スリーブ,"43,000",新品、未使用,半年以上前,https://jp.mercari.com/item/m93074310738
366,Barbourバフアー BEDALE ワックス コットン ブルゾン,"13,000",目立った傷や汚れなし,半年以上前,https://jp.mercari.com/item/m36664900563
367,80s　Barbour bedale　c44 バブアー　ビデイル,"41,500",やや傷や汚れあり,半年以上前,https://jp.mercari.com/item/m92922527029
368,【UA別注】Barbour オーバーサイズ BEDALE ビデイル アローズ,"36,000",新品、未使用,半年以上前,https://jp.mercari.com/item/m53075792290
369,Barbour 90 年代 BEDALE SL ビデイル オイルド ジャケット,"16,000",目立った傷や汚れなし,半年以上前,https://jp.mercari.com/item/m54120587852
370,Barbour バブアー　ビデイル　グレー,"14,000",やや傷や汚れあり,半年以上前,https://jp.mercari.com/item/m59661916478
371,【ほぼ新品】Barbour × BEAMS F 別注BEDALE SAGE 34,"24,000",未使用に近い,半年以上前,https://jp.mercari.com/item/m54167639730
372,値下げ バブア barbour ビデイル オイルジャケット　ライナーベスト付き,"17,000",やや傷や汚れあり,半年以上前,https://jp.mercari.com/item/m79240785100
373,1/28まで Barbour BEDALE バブアー ビデイル SL 36,"17,000",目立った傷や汚れなし,半年以上前,https://jp.mercari.com/item/m31549603866
374,Barbour ビデイル　Bedale 90s,"7,980",傷や汚れあり,半年以上前,https://jp.mercari.com/item/m76520306193
375,BARBOUR BEDALE SL バブアー ビデイルsl 36 英国製,"29,800",未使用に近い,半年以上前,https://jp.mercari.com/item/m68775096595
376,英国製 Barbour BEDALE バブアー ビデイル オイルドジャケット,"15,000",目立った傷や汚れなし,半年以上前,https://jp.mercari.com/item/m96014232462
377,BEAMS 別注 BEDALE ビデイル 2Layer Classic 38,"37,800",やや傷や汚れあり,半年以上前,https://jp.mercari.com/item/m25764992672
378,バブアー アンティークビデイル barber antique bedale,"12,000",傷や汚れあり,半年以上前,https://jp.mercari.com/item/m62883414806
379,Barbour バブアー イギリス製 SL BEDALE ビデイルジャケット,"17,800",やや傷や汚れあり,半年以上前,https://jp.mercari.com/item/m84106751911
380,バブアー クラシックビデイル 34 classic bedale,"24,000",目立った傷や汚れなし,半年以上前,https://jp.mercari.com/item/m96487880359
381,Barbour バブアー BEDALE ビデイル 36,"16,000",目立った傷や汚れなし,半年以上前,https://jp.mercari.com/item/m58437879106
382,【美品】BARBOUR バブアー BEDALE SL 38 ピーチスキン,"20,000",目立った傷や汚れなし,半年以上前,https://jp.mercari.com/item/m88500328214
383,Barbour × BEAMS F / 別注 BEDALE-F ビデイル　38,"53,100",新品、未使用,半年以上前,https://jp.mercari.com/item/m40238878348
384,Barbour BEDALE 38 SL 2レイヤー　バブアー　ビデイル,"26,500",未使用に近い,半年以上前,https://jp.mercari.com/item/m12861323906
385,★極美品★Barbour バブアー　BEDALE ビデイルSL ノンオイル42,"47,000",未使用に近い,半年以上前,https://jp.mercari.com/item/m26282883682
386,Barbour バブアー オイルドジャケット 良品 SL BEDALE ビデイル,"18,000",目立った傷や汚れなし,半年以上前,https://jp.mercari.com/item/m45243071062
387,美品 ノンオイル Barbour SL Bedale Hooded 34,"25,500",目立った傷や汚れなし,半年以上前,https://jp.mercari.com/item/m94912541495
388,barbour ビデイル,"5,000",やや傷や汚れあり,半年以上前,https://jp.mercari.com/item/m58907372346
389,Barbour SL BEDALE SAGE 36 バブアー ビデイル,"21,000",目立った傷や汚れなし,半年以上前,https://jp.mercari.com/item/m25539607336
390,Barbour BEDALE Size38 Wax 英国製,"34,000",目立った傷や汚れなし,半年以上前,https://jp.mercari.com/item/m42187784069
391,Barbour SL Bedale Washed バブアービデイルSL,"31,500",目立った傷や汚れなし,半年以上前,https://jp.mercari.com/item/m66379542042
392,美品 Barbour【BEDALE】SL ノンオイル 38 セージ,"35,000",未使用に近い,半年以上前,https://jp.mercari.com/item/m74148891992
393,【10%off中】⭐︎即日発送⭐︎vintage Barbour BEDALE 美品,"16,470",やや傷や汚れあり,半年以上前,https://jp.mercari.com/item/m80110649861
394,Barbour バブアー BEDALE SL,"32,000",未使用に近い,半年以上前,https://jp.mercari.com/item/m47077913049
395,バブアー　ビデイル ブラック38 ほぼ新品,"28,350",未使用に近い,半年以上前,https://jp.mercari.com/item/m33000554655
396,英国製Barbour バブアー BEDALE SL ビデイルSL ブラック　36,"23,500",目立った傷や汚れなし,半年以上前,https://jp.mercari.com/item/m92062466035
397,【美品】【BARBOUR / バブアー】 別注 OVER SIZE BEDALE,"19,000",目立った傷や汚れなし,半年以上前,https://jp.mercari.com/item/m64911752501
398,Barbour BEDALE バブアー ビデイル オイルドジャケット,"9,800",全体的に状態が悪い,半年以上前,https://jp.mercari.com/item/m79092049963
399,加藤様用　　80s c38 バブアー ビデイル セージ 4ポケット 英国製,"32,400",やや傷や汚れあり,半年以上前,https://jp.mercari.com/item/m86854287404
400,BarbourBedale(ビデイル)ウールブルゾン サイズ40(〜180cm),"19,000",やや傷や汚れあり,半年以上前,https://jp.mercari.com/item/m96631640294
401,試着のみ　BARBOUR バブアー ビデイル　BEDALE　ブラック　40,"32,000",未使用に近い,半年以上前,https://jp.mercari.com/item/m84791615262
402,最終値下げ バブアー ビデイルbarbour BEDALE,"16,990",目立った傷や汚れなし,半年以上前,https://jp.mercari.com/item/m77403608693
403,エラー,エラー,エラー,日付情報なし,https://jp.mercari.com/item/m51952029242
404,Barbour BEDALE SL 2レイヤー　バブアー　ビデイル,"27,800",未使用に近い,半年以上前,https://jp.mercari.com/item/m22763875454
405,Barbour slビデイル オリーブ　サイズ34,"15,000",目立った傷や汚れなし,半年以上前,https://jp.mercari.com/item/m71633584978
406,値下げ！バブアーBarbour BEDALE SL 2LAYER 36/ネイビー,"27,500",目立った傷や汚れなし,半年以上前,https://jp.mercari.com/item/m79033178227
407,バブアー Barbour SHIPS別注 BEDALE SL,"20,000",目立った傷や汚れなし,半年以上前,https://jp.mercari.com/item/m81620004313
408,barbour バブアー classic bedale,"18,000",やや傷や汚れあり,半年以上前,https://jp.mercari.com/item/m29730171974
409,値下げ　Barbour BEDALE SL ビデイル　シェイプメモリー,"15,000",新品、未使用,半年以上前,https://jp.mercari.com/item/m80180433651
410,【BARBOUR】Bedale Wax Jacket/ビデイルワックスジャケット,"37,800",未使用に近い,半年以上前,https://jp.mercari.com/item/m59088549548
411,【ライナーなし】Barbour バブアービデイルSLウィンドペーン,"23,000",目立った傷や汚れなし,半年以上前,https://jp.mercari.com/item/m12499260415
412,Barbour CLASSIC BEDALE 英国製 38 ビデイル olive,"35,000",未使用に近い,半年以上前,https://jp.mercari.com/item/m43595910976
413,21aw BEDALE SL 2LAYER/ビデイル SL 2レイヤー,"31,000",未使用に近い,半年以上前,https://jp.mercari.com/item/m34471329432
414,Barbour BEDALE SL 36 バブアー ビデイル,"17,000",やや傷や汚れあり,半年以上前,https://jp.mercari.com/item/m81898774770
415,【3ワラント】バブアー オーバーサイズ ビューフォート 34 セージ,"22,500",やや傷や汚れあり,半年以上前,https://jp.mercari.com/item/m19955632399
416,Barbour BEDALE 4つポケ バブアー ビデイル / 174,"16,700",傷や汚れあり,半年以上前,https://jp.mercari.com/item/m43013739533
417,Barbour BEDALE C36 バブアー ビデイル / 160,"13,800",やや傷や汚れあり,半年以上前,https://jp.mercari.com/item/m39157904885
418,無骨感◎イングランド製 Barbour BEDALE オイルドジャケット,"14,800",やや傷や汚れあり,半年以上前,https://jp.mercari.com/item/m95511943544
419,WM×Barbour OVERDYED JACKET 34 ブラック,"17,800",目立った傷や汚れなし,半年以上前,https://jp.mercari.com/item/m71105553199
420,【お値下げ中】Barbour ジャケット ビデイル,"29,300",目立った傷や汚れなし,半年以上前,https://jp.mercari.com/item/m78385695645
421,★美品★ バブアー ビデイル SL ピーチクスキン ピーチクロス ベージュ 38,"19,000",目立った傷や汚れなし,半年以上前,https://jp.mercari.com/item/m11203909858
422,Barbour バブアー ピーチド ビデイル BEDALE 40,"24,000",目立った傷や汚れなし,半年以上前,https://jp.mercari.com/item/m15281831070
423,Barbour（バブアー） キルティング ブルゾン BEDALE,"10,000",目立った傷や汚れなし,半年以上前,https://jp.mercari.com/item/m33865445017
424,最終値下げ バブアー（Barbour）　ビデイル（BEDALE）,"12,000",やや傷や汚れあり,半年以上前,https://jp.mercari.com/item/m69486400285
425,Barbour バブアー セージ BEDALE ビデイル C36　４つポケ,"9,100",やや傷や汚れあり,半年以上前,https://jp.mercari.com/item/m63580352073
426,Barbour BEDALE FOX BROTHERS 42,"25,000",目立った傷や汚れなし,半年以上前,https://jp.mercari.com/item/m72121256776
427,限定価格！Barbour BEDALE SL WAXED COTTON,"21,800",目立った傷や汚れなし,半年以上前,https://jp.mercari.com/item/m57215774912
428,【England製】美品　barbour bedale バブアー　ビデイル,"30,880",目立った傷や汚れなし,半年以上前,https://jp.mercari.com/item/m91226874138
429,【ナノ・ユニバース別注】バブアー／BEDALE SL コーデュラナイロン,"18,000",目立った傷や汚れなし,半年以上前,https://jp.mercari.com/item/m38479996099
430,Barbour　OS WAX BEDALE 　バブアー　オーバーサイズ　ビデイル,"36,666",目立った傷や汚れなし,半年以上前,https://jp.mercari.com/item/m73205245372
431,90s Barbour バブアー　BEDALE オイルドジャケット,"8,000",やや傷や汚れあり,半年以上前,https://jp.mercari.com/item/m55281350782
432,Barbour BEDALE SL WAXジャケット,"14,500",傷や汚れあり,半年以上前,https://jp.mercari.com/item/m49002832568
433,Barbour BEDALE ビデイル　36,"33,000",目立った傷や汚れなし,半年以上前,https://jp.mercari.com/item/m54627705544
434,ほぼ新品　希少色　黒　42　90s バブアー 　ビデイル,"50,000",未使用に近い,半年以上前,https://jp.mercari.com/item/m11175821574
435,23FW Barbour MARKAWARE EDIFICE BEDALE ２,"69,000",目立った傷や汚れなし,半年以上前,https://jp.mercari.com/item/m26319011222
436,Barbour　ビデイル　40　ノンオイルド,"28,000",目立った傷や汚れなし,半年以上前,https://jp.mercari.com/item/m33842481520
437,バブアー タグ付き 美品 23aw ビデイル・ワックス コットン ジャケット,"45,000",目立った傷や汚れなし,半年以上前,https://jp.mercari.com/item/m54949260756
438,Barbour BEDALE SL バブアー　ビデイル　スリム　ノンオイル,"32,000",目立った傷や汚れなし,半年以上前,https://jp.mercari.com/item/m23574777451
439,Barbour/バブアー　SL BEDALE/ビデイル オイルドジャケット,"18,000",目立った傷や汚れなし,半年以上前,https://jp.mercari.com/item/m46603668415
440,3ワラント　バブアー ビューフォート ビンテージ　ジャケット　オリーブ　44,"18,000",傷や汚れあり,半年以上前,https://jp.mercari.com/item/m15153491174
441,Barbour BEDALE C38 バブアー,"17,000",やや傷や汚れあり,半年以上前,https://jp.mercari.com/item/m51829736968
442,【BARBOUR×JOURNAL STANDARD / バブアー】SIZE:40,"36,000",新品、未使用,半年以上前,https://jp.mercari.com/item/m85027438339
443,S 新品 バブアー ノア ビデイル ジャケット 緑 BARBOUR NOAH,"69,900",新品、未使用,半年以上前,https://jp.mercari.com/item/m90207777391
444,Barbour bedale SL B&Y別注　裏千鳥,"16,000",目立った傷や汚れなし,半年以上前,https://jp.mercari.com/item/m85803011016
445,Barbour SL BEDALE 34 ライナー,"22,895",傷や汚れあり,半年以上前,https://jp.mercari.com/item/m68430598809
446,【美品　英国製】Barbour バブアー　BEDALE ビデイル　32,"25,000",目立った傷や汚れなし,半年以上前,https://jp.mercari.com/item/m80737675738
447,Barbour ビデイル ネイビー サイズ40,"20,000",やや傷や汚れあり,半年以上前,https://jp.mercari.com/item/m28530418908
448,バブアー Barbour ビデイル SL 40 washed セージ,"24,000",目立った傷や汚れなし,半年以上前,https://jp.mercari.com/item/m92763623020
449,Barbour BEDALE SL ウール　BLISSTEX TWEEDS,"34,600",目立った傷や汚れなし,半年以上前,https://jp.mercari.com/item/m54706034612
450,Barbour バブアー　ビデイル　BEDALE ネイビー,"21,000",目立った傷や汚れなし,半年以上前,https://jp.mercari.com/item/m14798680182
451,【美品/ノンワックス】Barbour TRANSPORT ジャケット XS,"15,000",目立った傷や汚れなし,半年以上前,https://jp.mercari.com/item/m41411158230
452,Barbour Bedale 38 ウール　ブラウン　バブアー,"36,800",目立った傷や汚れなし,半年以上前,https://jp.mercari.com/item/m72233108776
453,最終値下げ　JOURNAL STANDARD別注 OLD BEDALEカーキ,"44,999",未使用に近い,半年以上前,https://jp.mercari.com/item/m77742565358
454,Barbour BEDALE バブアー ビデイル サイズ38 パイルライナー付,"16,500",やや傷や汚れあり,半年以上前,https://jp.mercari.com/item/m98495585420
455,Barbour/バブアー/BEDALE SL/ビデイルSL/ワックスドコットン,"29,000",未使用に近い,半年以上前,https://jp.mercari.com/item/m12746730857
456,“けんさま専用” Barbour オイルドジャケット 95年製 England製,"15,480",やや傷や汚れあり,半年以上前,https://jp.mercari.com/item/m78186222689
457,[FDA様専用] Barbour BEDALE バブアー ビデイル　size36,"24,000",目立った傷や汚れなし,半年以上前,https://jp.mercari.com/item/m70311640205
458,Barbour CLASSIC BEDALE 　ビデイル　ブルゾン　ジャケット,"16,000",目立った傷や汚れなし,半年以上前,https://jp.mercari.com/item/m58733543023
459,BARBOUR バブアー　ビーコンタグ　ビデイル　bedale,"16,000",目立った傷や汚れなし,半年以上前,https://jp.mercari.com/item/m50671965450
460,Barbour バブアー　BEDALE ビデイル　ナイロン　BEAMS PLUS,"11,111",やや傷や汚れあり,半年以上前,https://jp.mercari.com/item/m25450272028
461,バブアー　ビデイル　Barbour BEDALE,"24,500",目立った傷や汚れなし,半年以上前,https://jp.mercari.com/item/m45792967362
462,BARBOUR BEDALE NAVY40美品MWX0018NY9140オイル,"27,000",目立った傷や汚れなし,半年以上前,https://jp.mercari.com/item/m82474279625
463,【21AW】バブアー ビデイル/ Barbour BEDALE,"33,000",目立った傷や汚れなし,半年以上前,https://jp.mercari.com/item/m73064269214
464,Barbour バブアー ビデイル sl 38 BEDALE セージオイルド,"25,000",目立った傷や汚れなし,半年以上前,https://jp.mercari.com/item/m24308779513
465,Barbour Bedale バブアー ビデイル,"18,000",目立った傷や汚れなし,半年以上前,https://jp.mercari.com/item/m65532413631
466,バブアー　ビデイル　42 ネイビー,"29,000",やや傷や汚れあり,半年以上前,https://jp.mercari.com/item/m92523068535
467,最終値下！美品！BEAMS F別注　Barbour　BEDALE　サイズ36,"36,300",目立った傷や汚れなし,半年以上前,https://jp.mercari.com/item/m18146303123
468,[けい様専用]ナノ・ユニバース別注　Barbour bedale 38,"17,000",目立った傷や汚れなし,半年以上前,https://jp.mercari.com/item/m61396411495
469,Barbour 3CROWN BEDALE SL WAXED JACKET 36,"32,800",未使用に近い,半年以上前,https://jp.mercari.com/item/m92809795851
470,バブアー BARBOUR MWX0018 BEDALE ビデイル セージ 38,"36,999",未使用に近い,半年以上前,https://jp.mercari.com/item/m11269722162
471,【未使用】Barbour（バブアー）ノンワックス ピーチド ビデイル（38）,"41,400",新品、未使用,半年以上前,https://jp.mercari.com/item/m32759749028
472,【送料込】バブアー/Bedale SL/ビデイル/ブラック・黒/ワックス/40,"22,000",やや傷や汚れあり,半年以上前,https://jp.mercari.com/item/m44827458609
473,Barbour × BEAMS PLUS BEDALE size40,"24,000",目立った傷や汚れなし,半年以上前,https://jp.mercari.com/item/m51925841531
474,barbourバブアーbedaleビデールビデイルunitedarrows別注,"23,800",目立った傷や汚れなし,半年以上前,https://jp.mercari.com/item/m88515332310
475,Barbour BEDALE バブアー ビデイル,"30,500",目立った傷や汚れなし,半年以上前,https://jp.mercari.com/item/m59146467986
476,バブアー × ホワイトマウンテニアリング サイズ34 ビデイル,"17,500",目立った傷や汚れなし,半年以上前,https://jp.mercari.com/item/m32907510508
477,【95年製】Barbour BEDALE c48,"11,800",目立った傷や汚れなし,半年以上前,https://jp.mercari.com/item/m29909076003
478,美品Barbour バブアー ビデイル ジャケット ブルゾン緑34 316N▲,"31,800",目立った傷や汚れなし,半年以上前,https://jp.mercari.com/item/m61518414996
479,BARBOUR × WHITE MOUNTAINEERING | ブルゾン,"11,500",目立った傷や汚れなし,半年以上前,https://jp.mercari.com/item/m48324337941
480,バブアー Barbour ビデイル ブラック希少サイズ32,"11,000",傷や汚れあり,半年以上前,https://jp.mercari.com/item/m33611895474
481,美品　barbour バブアー　bedale ビデイル レギュラー　現行　c38,"31,200",目立った傷や汚れなし,半年以上前,https://jp.mercari.com/item/m99177889427
482,Barbour bedale c40　90s 1997 ビンテージ,"54,000",目立った傷や汚れなし,半年以上前,https://jp.mercari.com/item/m95544513226
483,EDIFICE別注barbour bedale slビデイルエディフィス　34,"6,500",傷や汚れあり,半年以上前,https://jp.mercari.com/item/m57092032061
484,バブアー　ビデイル BEDALE　SL 38　ネイビー,"21,999",目立った傷や汚れなし,半年以上前,https://jp.mercari.com/item/m18404766835
485,barbour bedale sl 38 ネイビー　ビデイル,"26,000",未使用に近い,半年以上前,https://jp.mercari.com/item/m40344294964
486,Barbour BEDALE ビデイル　良品,"20,000",目立った傷や汚れなし,半年以上前,https://jp.mercari.com/item/m93600334611
487,け様専用　バブアー　ヴィンテージ　ビンテージ　オイルドジャケット　ビデイル,"7,500",傷や汚れあり,半年以上前,https://jp.mercari.com/item/m23392292088
488,【36】Barbour 2LAYER SL BEDALE/ノンオイル,"27,500",目立った傷や汚れなし,半年以上前,https://jp.mercari.com/item/m45831729130
489,Barbour ×BEAMS F 別注BEDALE SLウォッシュド ジャケット,"28,710",目立った傷や汚れなし,半年以上前,https://jp.mercari.com/item/m29974403588
490,Barbour BEDALE SL セージ　38 バブアー ビデイル SL,"30,000",目立った傷や汚れなし,半年以上前,https://jp.mercari.com/item/m81239184422
491,Barbour SOPHNET別注　Bedale Sサイズ,"16,000",目立った傷や汚れなし,半年以上前,https://jp.mercari.com/item/m69387975608
492,Barbour + BEAMS PLUS 別注 BEDALE 2レイヤー,"44,000",新品、未使用,半年以上前,https://jp.mercari.com/item/m27818365614
493,専用 バブワー ビデイル セージ L程度 ビンテージ ヴィンテージ,"4,500",傷や汚れあり,半年以上前,https://jp.mercari.com/item/m83395630142
494,Barbour Sl bedale ビデイル　バブアー　2layer 2レイヤー,"28,000",目立った傷や汚れなし,半年以上前,https://jp.mercari.com/item/m40615377853
495,BARBOUR　バブアー　ビデイル　別注　36　FOX BROTHERS,"45,000",目立った傷や汚れなし,半年以上前,https://jp.mercari.com/item/m10285190145
496,【極美品‼️】Barbour/バブアー　BEDALE　wax jacket,"22,000",目立った傷や汚れなし,半年以上前,https://jp.mercari.com/item/m52427968510
497,Barbour バブアー Bedale ビデイル SL 34 ブラウン,"17,000",やや傷や汚れあり,半年以上前,https://jp.mercari.com/item/m98291391892
498,Barbour SL BEDALE,"28,000",目立った傷や汚れなし,半年以上前,https://jp.mercari.com/item/m92891650283
499,【期間限定専用品】Barbour オーバーサイズド ビデイル 38 ネイビー,"32,000",目立った傷や汚れなし,半年以上前,https://jp.mercari.com/item/m92081922761
500,nekoneko.hopi様購入用,"20,000",目立った傷や汚れなし,半年以上前,https://jp.mercari.com/item/m75932929892
501,【美品】Barbour　バブアー　ビデイル　40 セージ,"33,000",目立った傷や汚れなし,半年以上前,https://jp.mercari.com/item/m64118664820
502,Barbour バブアー BEDALE ビデイル 36 セージ　英国製,"29,800",やや傷や汚れあり,半年以上前,https://jp.mercari.com/item/m13077511481
503,デッドストック◎1983 Barbour bedale c36,"73,000",新品、未使用,半年以上前,https://jp.mercari.com/item/m95018654044
504,Barbour バブアー SL BEDALE ビデイル 38 ブラック ブルゾン,"17,800",やや傷や汚れあり,半年以上前,https://jp.mercari.com/item/m54136453681
505,Barbour バヴアー ビデイル　42,"35,000",やや傷や汚れあり,半年以上前,https://jp.mercari.com/item/m97393952197
506,Barbour クラシックビデイル　BEDALE サイズ34 NAVY,"25,000",目立った傷や汚れなし,半年以上前,https://jp.mercari.com/item/m78488758680
507,Barbour BEDALE SL ネイビー,"16,150",目立った傷や汚れなし,半年以上前,https://jp.mercari.com/item/m76305114475
508,Barbour for MARKAWARE & EDIFICE BEDALE,"76,475",未使用に近い,半年以上前,https://jp.mercari.com/item/m55142538187
509,週末限定価格！　バブアー　ビデイル　Barbour BEDALE,"17,000",目立った傷や汚れなし,半年以上前,https://jp.mercari.com/item/m54984194388
510,バブアー　ビデイル　MOONツイード　サイズ38,"19,000",目立った傷や汚れなし,半年以上前,https://jp.mercari.com/item/m64017978597
511,【Barbour バブアー】size34(M) アウター BEDALE SL英国,"35,000",新品、未使用,半年以上前,https://jp.mercari.com/item/m88086216284
512,Barbour BEDALE 希少　tweed,"20,000",目立った傷や汚れなし,半年以上前,https://jp.mercari.com/item/m11828470002
513,新品　Barbour Bedale SL2レイヤー　サイズ40 NAVY,"40,400",新品、未使用,半年以上前,https://jp.mercari.com/item/m48764901127
514,新品 36 バブアー ビデイル ワックスジャケット セージ 英国オリジナルモデル,"39,000",新品、未使用,半年以上前,https://jp.mercari.com/item/m64120336709
515,donchanさん専用　Barbour ビデイルSL BEDALE SL 38,"22,000",目立った傷や汚れなし,半年以上前,https://jp.mercari.com/item/m12718051483
516,ブルガリア製 38 Barbour バブアー SL BEDALE WASHED,"27,000",目立った傷や汚れなし,半年以上前,https://jp.mercari.com/item/m75780046540
517,90s英国製 Barbour A105 BEDALE ワックス抜きジャケット,"16,800",目立った傷や汚れなし,半年以上前,https://jp.mercari.com/item/m20914003685
518,Barbour バブアー セージ BEDALE ビデイル C38 三井物産,"31,000",未使用に近い,半年以上前,https://jp.mercari.com/item/m79595174361
519,バブアー Barbour Made in UK カモフラ裏地 サイズMぐらい,"10,170",目立った傷や汚れなし,半年以上前,https://jp.mercari.com/item/m14090792813
520,美品✨ BARBOUR BEDALE SL ウール キルティング ジャケット M,"18,000",目立った傷や汚れなし,半年以上前,https://jp.mercari.com/item/m97931240985
521,Barbour ビデイル セージ SL 36 オイルドジャケット,"24,000",やや傷や汚れあり,半年以上前,https://jp.mercari.com/item/m40181983835
522,Barbour/クラシックビデイル/Size:40/Beams Plus別注,"36,000",目立った傷や汚れなし,半年以上前,https://jp.mercari.com/item/m89724909098
523,別注 Barbour OVERSIZE SOLID BEDALE ビデイル,"32,500",目立った傷や汚れなし,半年以上前,https://jp.mercari.com/item/m99424691146
524,バブアー　クラシックビデイル　ワックスジャケット,"20,000",やや傷や汚れあり,半年以上前,https://jp.mercari.com/item/m91056631500
525,エラー,エラー,エラー,日付情報なし,https://jp.mercari.com/item/m94906724000
526,Barbour バブアー BEDALE SL SHAPE MEMORY,"17,500",やや傷や汚れあり,半年以上前,https://jp.mercari.com/item/m41158462780
527,90s Barbour バブアー オイルドジャケット BEDALE ビデイル,"10,800",やや傷や汚れあり,半年以上前,https://jp.mercari.com/item/m77106858554
528,【玉上様専用】バブアー BEDALE ビデイル SL ワックス,"19,000",やや傷や汚れあり,半年以上前,https://jp.mercari.com/item/m77210511341
529,バブアー ビデイル 36 BEDALE SL PEACHED MCA0487,"22,000",目立った傷や汚れなし,半年以上前,https://jp.mercari.com/item/m90221335943
530,バブアーBEDALEビデイルBarbourブラックサイズ不明オイル少なめ,"18,000",やや傷や汚れあり,半年以上前,https://jp.mercari.com/item/m15379776031
531,BARBOUR (バブアー) BEDALE 　sl　36 ビデイル,"18,000",やや傷や汚れあり,半年以上前,https://jp.mercari.com/item/m71392325117
532,Barbour バブアー BEDALE WOOL TWEEDライナー付き,"30,000",目立った傷や汚れなし,半年以上前,https://jp.mercari.com/item/m39838904792
533,バブアー(Barbour) ビデイル SL スリムフィット 40,"30,000",目立った傷や汚れなし,半年以上前,https://jp.mercari.com/item/m90739965289
534,BARBOUR BEDALE jacket ビデイル sage セージ 40,"39,800",未使用に近い,半年以上前,https://jp.mercari.com/item/m49153416037
535,【最終値下げ】Borbour BEDALE バブアー ビデイル 36 ブラック,"29,800",やや傷や汚れあり,半年以上前,https://jp.mercari.com/item/m23466167348
536,BARBOUR SL Bedale バブアービデイル,"18,000",やや傷や汚れあり,半年以上前,https://jp.mercari.com/item/m32732487333
537,❤️ Barbour TELEMARK jacket,"22,000",未使用に近い,半年以上前,https://jp.mercari.com/item/m69432955420
538,Barbour 英国製 BEDALE SL ブラック サイズ40,"28,000",目立った傷や汚れなし,半年以上前,https://jp.mercari.com/item/m35172147309
539,Barbour BEDALE SL 2LAYER ビデイル スリムフィット,"30,000",未使用に近い,半年以上前,https://jp.mercari.com/item/m56608234308
540,Barbour　BEDALE SL サイズ42,"18,800",傷や汚れあり,半年以上前,https://jp.mercari.com/item/m22056030224
541,Barbour バブアー BEDALE ビデイル 34 ネイビー,"14,800",目立った傷や汚れなし,半年以上前,https://jp.mercari.com/item/m20944457668
542,BARBOUR BEDALE CLASSIC FIT SAGE 38 英国製,"43,000",未使用に近い,半年以上前,https://jp.mercari.com/item/m10695512463
543,【年内処分予定】Barbour BEDALE SL バブアービデイルSL,"26,400",目立った傷や汚れなし,半年以上前,https://jp.mercari.com/item/m63635554720
544,Barbour ビデイル sl ジャケット 36,"15,999",目立った傷や汚れなし,半年以上前,https://jp.mercari.com/item/m77366155219
545,90’s Barbour Big BEDALE Black 44 Vintage,"34,500",目立った傷や汚れなし,半年以上前,https://jp.mercari.com/item/m75613021678
546,barbour bedale journal standard ノンワックス,"38,000",目立った傷や汚れなし,半年以上前,https://jp.mercari.com/item/m34882441910
547,FREAK'S STORE Barbour 別注 BIG BEDALE,"37,000",目立った傷や汚れなし,半年以上前,https://jp.mercari.com/item/m83979954494
548,Barbour BEDALE / ビデイル　ノーマル,"17,000",やや傷や汚れあり,半年以上前,https://jp.mercari.com/item/m20638679026
549,Barbour Bedale classic fit 34 ビデイル 34,"30,000",目立った傷や汚れなし,半年以上前,https://jp.mercari.com/item/m34859996042
550,Barbour BEDALE バブアー　ビデイル サイズ34,"15,000",やや傷や汚れあり,半年以上前,https://jp.mercari.com/item/m74525654992
551,Barbour BEDALE バブアー ビデイルオイルドジャケット C34,"23,500",未使用に近い,半年以上前,https://jp.mercari.com/item/m61391455415
552,Barbour バブアー LONG BEDALE SL ロングビデイルSL,"27,500",目立った傷や汚れなし,半年以上前,https://jp.mercari.com/item/m18431981152
553,【最終値下げ】バブアー ビデイル SL 38 セージ,"25,000",目立った傷や汚れなし,半年以上前,https://jp.mercari.com/item/m34508049535
