index,name,price,condition,posted_date,url,outlier_flag
1,ARC'TERYX アトムフーディS Black Sapphire,29000.0,目立った傷や汚れなし,2時間前,https://jp.mercari.com/item/m19131572000,False
2,【正規品】アークテリクス アトムLTフーディ　黒　XL,36800.0,目立った傷や汚れなし,15時間前,https://jp.mercari.com/item/m75025888498,False
3,最新アークテリクス　アトムLTフーディ,56260.0,目立った傷や汚れなし,16時間前,https://jp.mercari.com/item/m36444606759,True
4,エラー,,エラー,日付情報なし,https://jp.mercari.com/item/m10386878795,False
5,✨新品✨アークテリクス アトム ジャケット 2024AW Lサイズ ベージュ,39100.0,新品、未使用,23時間前,https://jp.mercari.com/item/m38471770884,False
6,ひろ【即購入OKです】 様専用,36500.0,新品、未使用,1日前,https://jp.mercari.com/item/m79547148639,False
7,アークテリクス　ATOM　LT　フーディ,28500.0,目立った傷や汚れなし,1日前,https://jp.mercari.com/item/m60419899027,False
8,エラー,,エラー,日付情報なし,https://jp.mercari.com/shops/product/fF6YH2yk4JvGfXZQzh8eGB,False
9,黒S ARC'TERYX atom hoody アトム フーディー　AR LT,46666.0,新品、未使用,2日前,https://jp.mercari.com/item/m89091395656,False
10,アークテリクス アトムフーディARC'TERYX Atom アトムlt サイズM,37000.0,新品、未使用,3日前,https://jp.mercari.com/item/m22405455339,False
11,Arc’teryx Atom LT Hoody Sサイズ　黒 2022年モデル,29500.0,未使用に近い,6時間前,https://jp.mercari.com/item/m93160889322,False
12,アークテリクス　アトムフーディ Atom LT Hoody Lサイズ,44000.0,新品、未使用,1日前,https://jp.mercari.com/item/m95751219950,False
13,ARC'TERYX atom LT hoody アークテリクス Sサイズ,15300.0,やや傷や汚れあり,4日前,https://jp.mercari.com/item/m79068206728,False
14,美品！アークテリクス・アトムLT刺繍ロゴモデルフーディーM,30000.0,目立った傷や汚れなし,3日前,https://jp.mercari.com/item/m45357124784,False
15,アークテリクス アトムLTフーディ　黒　XL,36500.0,目立った傷や汚れなし,2日前,https://jp.mercari.com/item/m97389675370,False
16,☆国内正規品☆ARC'TERYX ATOM HOODYアトムフーディ　XXL,38999.0,新品、未使用,1日前,https://jp.mercari.com/item/m93730611357,False
17,アークテリクス　アトムLTフーディ　ブラック　Lサイズ　2022年モデル,35500.0,目立った傷や汚れなし,3日前,https://jp.mercari.com/item/m68536408337,False
18,未使用　アトム　ltフーディ　ブラック　sサイズ,40000.0,新品、未使用,3日前,https://jp.mercari.com/item/m93240606057,False
19,【11/16】フルシーズン　軽い　暖かい　動きやすい　アークテリクス,17000.0,目立った傷や汚れなし,4日前,https://jp.mercari.com/item/m57424706395,False
20,専用　アークテリクス アトム LT フーディ　void,35500.0,未使用に近い,5日前,https://jp.mercari.com/item/m78333918460,False
21,Arc’teryx アトムLT フーディー XS,27000.0,目立った傷や汚れなし,2日前,https://jp.mercari.com/item/m65118445589,False
22,アークテリクス アトムLTフーディー 新品 XL,41980.0,新品、未使用,10日前,https://jp.mercari.com/item/m17750691381,False
23,希少　廃盤　ARC'TERYX アークテリクス アトムLTフーディ サンウエスト,24400.0,目立った傷や汚れなし,4日前,https://jp.mercari.com/item/m40229906765,False
24,アークテリクス　アトムLT フーディ,30000.0,目立った傷や汚れなし,6日前,https://jp.mercari.com/item/m91843437130,False
25,✨新品✨アークテリクス アトム ジャケット 2024AW Sサイズ ブラック,43000.0,新品、未使用,7日前,https://jp.mercari.com/item/m37750090920,False
26,【国内正規品】アークテリクス アトム ヘビーウェイト フーディ メンズSブラック,49999.0,新品、未使用,1日前,https://jp.mercari.com/item/m61203998071,False
27,アークテリクス　アトムLTフーディーMサイズ・ブラック,18000.0,やや傷や汚れあり,20日前,https://jp.mercari.com/item/m32621039659,False
28,ARC'TERYX アークテリクス アトムLTフーディー,17000.0,やや傷や汚れあり,20日前,https://jp.mercari.com/item/m12585393279,False
29,アークテリクス　アトム LTフーディー 後期　Lサイズ　刺繍ロゴ　ブラック,37880.0,目立った傷や汚れなし,20日前,https://jp.mercari.com/item/m44107206016,False
30,アークテリクス アトムLTフーディー サイズＳ ブルー,25020.0,目立った傷や汚れなし,24日前,https://jp.mercari.com/item/m23259430907,False
31,Arc'teryxアークテリクス アトム フーディ メンズM BLACK 新品,49500.0,新品、未使用,2か月前,https://jp.mercari.com/item/m19082719316,False
32,ARC’TERYX アトムLTフーディ ブラック XS アークテリクス,35000.0,やや傷や汚れあり,1か月前,https://jp.mercari.com/item/m55597947558,False
33,ARC'TERYX アークテリクスアトムLTフーディ　メンズXS/黒美品,28000.0,目立った傷や汚れなし,1か月前,https://jp.mercari.com/item/m21032051950,False
34,ARC'TERYX Atom LT Hoody アトムLTフーディ M,29000.0,目立った傷や汚れなし,1か月前,https://jp.mercari.com/item/m93880132973,False
35,エラー,,エラー,日付情報なし,https://jp.mercari.com/shops/product/ECpXWUYXEGXy3hQnYzjSyY,False
36,【試着程度】アークテリクス アトムARフーディ ネイビーＭサイズ,33250.0,未使用に近い,1か月前,https://jp.mercari.com/item/m98069995516,False
37,Arc'teryx アトム フーディ メンズ ブラック XXL,37620.0,目立った傷や汚れなし,1か月前,https://jp.mercari.com/item/m74110038089,False
38,［美品］アークテリクス ベータltジャケット 黒 バードエイド付き 国内正規品,63000.0,目立った傷や汚れなし,1か月前,https://jp.mercari.com/item/m57371072873,True
39,美品 2020年 アークテリクス アトム LT フーディ レアカラー,35000.0,目立った傷や汚れなし,1か月前,https://jp.mercari.com/item/m38550923701,False
40,アークテリクス Atom LT Hoody メンズ Glitch,17000.0,やや傷や汚れあり,1か月前,https://jp.mercari.com/item/m28158267477,False
41,アークテリクス アトムLTフーディーSサイズ,33999.0,目立った傷や汚れなし,17日前,https://jp.mercari.com/item/m17064911818,False
42,ARC'TERYX アークテリクス Atom AR アトム フーディ XS 黒,22980.0,目立った傷や汚れなし,2か月前,https://jp.mercari.com/item/m49259739493,False
43,ARC'TERYX  ノディンジャケット メンズ　black　L アークテリクス,27835.0,未使用に近い,2か月前,https://jp.mercari.com/item/m33012615236,False
44,アークテリクス スコーミッシュジャケットメンズ M ブラック,32500.0,未使用に近い,2か月前,https://jp.mercari.com/item/m17074762547,False
45,ARCTERYX アークテリクス アトム LT フーディ L 正規品ブラック,31000.0,目立った傷や汚れなし,2か月前,https://jp.mercari.com/item/m38133745348,False
46,エラー,,エラー,日付情報なし,https://jp.mercari.com/shops/product/MHEtpydqYZUfio6BWV6Fsd,False
47,アークテリクス　アトム　LT フーディ　ブルーグリーン,16500.0,やや傷や汚れあり,2か月前,https://jp.mercari.com/item/m49080796300,False
48,アークテリクス　アトムLTフーディー　サイズS,14750.0,傷や汚れあり,2か月前,https://jp.mercari.com/item/m46937506699,False
49,【美品】アークテリクス アトムLTフーディー / M / ブラックサファイア,39800.0,未使用に近い,9日前,https://jp.mercari.com/item/m93056472403,False
50,ARC'TERYX アークテリクス アトム LT フーディ,34000.0,未使用に近い,1か月前,https://jp.mercari.com/item/m38121340234,False
51,エラー,,エラー,日付情報なし,https://jp.mercari.com/item/m42292028996,False
52,"ARC'TERYX ""廃盤モデル"" ノディンジャケット Lサイズ ブラック",28500.0,新品、未使用,4か月前,https://jp.mercari.com/item/m81267244738,False
53,ARC'TERYX x BEAMS別注 Atom LT Hoody ビームス,37050.0,やや傷や汚れあり,4か月前,https://jp.mercari.com/item/m82719786739,True
54,当選品　アークテリクス アトム AR ジャケット ベビーウェイトジャケット,36000.0,目立った傷や汚れなし,5か月前,https://jp.mercari.com/item/m93225183743,False
55,アークテリクス GAMMA SLフーディ S,20500.0,やや傷や汚れあり,5か月前,https://jp.mercari.com/item/m38812851075,False
56,新品 アークテリクス アトム フーディ M kingfisher ネイビー,44000.0,新品、未使用,13日前,https://jp.mercari.com/item/m71595091986,False
57,アークテリクス　スコーミッシュジャケット,28900.0,新品、未使用,5か月前,https://jp.mercari.com/item/m72352421156,False
58,アークテリクス　アトムLTフーディ　atom lt hoody ドラセナ 刺繍,30000.0,目立った傷や汚れなし,5か月前,https://jp.mercari.com/item/m93084341763,False
59,アークテリクス　ガンマ SL　フーディ― 旧型　ライトウェイト GAMMA SL,28000.0,目立った傷や汚れなし,半年以上前,https://jp.mercari.com/item/m11265192799,False
60,アークテリクス arc'teryx アトムLT atom フーディ Mサイズ,31300.0,目立った傷や汚れなし,半年以上前,https://jp.mercari.com/item/m64237861820,False
61,アークテリクス　アトムフーディ　Mサイズ,29000.0,目立った傷や汚れなし,半年以上前,https://jp.mercari.com/item/m79010724241,False
62,アークテリクス ガンマ ライトウェイトジャケット,24000.0,目立った傷や汚れなし,半年以上前,https://jp.mercari.com/item/m87682843806,False
63,"ARC'TERYX ""廃盤モデル"" ノディンジャケット Lサイズ ブラック",28000.0,目立った傷や汚れなし,半年以上前,https://jp.mercari.com/item/m38880237380,False
64,【廃盤品】アークテリクス GANMA SLフーディ XS,27360.0,未使用に近い,半年以上前,https://jp.mercari.com/item/m48952664898,False
65,エラー,,エラー,日付情報なし,https://jp.mercari.com/item/m14112247401,False
66,arc’teryx atom lt メンズ S 黒,12000.0,傷や汚れあり,半年以上前,https://jp.mercari.com/item/m87361294027,False
67,エラー,,エラー,日付情報なし,https://jp.mercari.com/item/m62189115982,False
68,エラー,,エラー,日付情報なし,https://jp.mercari.com/item/m72955607913,False
69,【新品/ショッパー付】ARC'TERYX Beta LT JACKET Lサイズ,76000.0,新品、未使用,半年以上前,https://jp.mercari.com/item/m59424555360,True
70,ほぼ新品! アークテリクス アトムLTフーディー Lサイズ,37000.0,未使用に近い,半年以上前,https://jp.mercari.com/item/m72409852310,False
71,新品　アークテリクス ATOM LT Hoody Lサイズ　ATOMFOODY,39000.0,新品、未使用,半年以上前,https://jp.mercari.com/item/m17934622244,False
72,アークテリクス アトムltフーディ,32000.0,目立った傷や汚れなし,半年以上前,https://jp.mercari.com/item/m57544787661,False
73,ARC'TERYX x BEAMS別注 Atom LT Hoody,33000.0,目立った傷や汚れなし,半年以上前,https://jp.mercari.com/item/m44243759678,False
74,arcteryx atom lt hoody ブラック　アークテリクス　アトム,26500.0,やや傷や汚れあり,半年以上前,https://jp.mercari.com/item/m28737724200,False
75,アークテリクス Atom Lt Hoody M size,26000.0,やや傷や汚れあり,半年以上前,https://jp.mercari.com/item/m44871139820,False
76,"""専用""アークテリクスアトムLTフーディー",35500.0,目立った傷や汚れなし,半年以上前,https://jp.mercari.com/item/m69871571916,False
77,アークテリクス　アトム　LT フーディー,22000.0,目立った傷や汚れなし,半年以上前,https://jp.mercari.com/item/m22133349931,False
78,【アークテリクス】アトムLTフーディ ビームス別注2022,35500.0,未使用に近い,半年以上前,https://jp.mercari.com/item/m83944588195,False
79,アークテリクス アトムフーディ　ATOM LT HOODIE,18500.0,やや傷や汚れあり,半年以上前,https://jp.mercari.com/item/m34991998172,False
80,Atom LT Hoody S　新品未使用品★正規品　アークテリクス,46000.0,新品、未使用,半年以上前,https://jp.mercari.com/item/m47275760865,False
81,アークテリクス　ATOM LT HOODY XS,18800.0,やや傷や汚れあり,半年以上前,https://jp.mercari.com/item/m79623411659,False
82,アークテリクス オールド アトム LT フーディー L グレー オレンジ,17532.0,やや傷や汚れあり,半年以上前,https://jp.mercari.com/item/m82750463031,False
83,アークテリクス　新品　アトムLTフーディ　M,45700.0,新品、未使用,半年以上前,https://jp.mercari.com/item/m97111015282,False
84,アークテリクス　アトムLTフーディ,28000.0,目立った傷や汚れなし,半年以上前,https://jp.mercari.com/item/m69179246269,False
85,新品 ARC’TERYX アークテリクス Atom Hoody アトム フーディ,44000.0,新品、未使用,半年以上前,https://jp.mercari.com/item/m94649969324,False
86,アークテリクス アトムAR フーディ,39800.0,目立った傷や汚れなし,1か月前,https://jp.mercari.com/item/m36900885633,False
87,ARC'TERYX アークテリクス ATOM LT HOODY XXL ブラック,33000.0,新品、未使用,半年以上前,https://jp.mercari.com/item/m88487070001,False
88,★ARC'TERYX Atom SL Hoody Men's Lサイズ,21800.0,傷や汚れあり,半年以上前,https://jp.mercari.com/item/m61223773044,False
89,アークテリクス ARCTERYX スコーミッシュフーディ メンズ　M,18000.0,目立った傷や汚れなし,半年以上前,https://jp.mercari.com/item/m16801995121,False
90,シマノ　アクティブインシュレーションジャケットフーディ,3500.0,目立った傷や汚れなし,半年以上前,https://jp.mercari.com/item/m33200300582,True
91,美品 L 希少ブラック プロトンLTフーディ アークテリクス,35800.0,目立った傷や汚れなし,半年以上前,https://jp.mercari.com/item/m70834990944,False
92,アークテリクス アトムフーディ　ブラック　XS,35500.0,新品、未使用,半年以上前,https://jp.mercari.com/item/m25094642139,False
93,ARC'TERYX ATOM LT HOODY,20000.0,目立った傷や汚れなし,半年以上前,https://jp.mercari.com/item/m25747035707,False
94,BBB様ご購入専用ページ アトムLTフーディーM　Caribou,32000.0,新品、未使用,半年以上前,https://jp.mercari.com/item/m49671845536,False
95,新品　アークテリクス アトムフーディ　ブラック　S,45000.0,新品、未使用,半年以上前,https://jp.mercari.com/item/m79101813698,False
96,アークテリクス アトムLT フーディー Sサイズ,22000.0,やや傷や汚れあり,半年以上前,https://jp.mercari.com/item/m56194364072,False
97,アークテリクス アトム LTフーディ Sサイズ,30000.0,目立った傷や汚れなし,半年以上前,https://jp.mercari.com/item/m41872249014,False
98,アークテリクス アトムLTフーディ,16000.0,傷や汚れあり,半年以上前,https://jp.mercari.com/item/m52839796179,False
99,アークテリクスAtom Heavyweight Hoody XL,53000.0,新品、未使用,半年以上前,https://jp.mercari.com/item/m54970470475,False
100,アークテリクス ATOM HOODY アトム　フーディ　メンズ,33250.0,未使用に近い,半年以上前,https://jp.mercari.com/item/m94389656818,False
101,アークテリクス　アトム　LT フーディ　XS,30000.0,目立った傷や汚れなし,半年以上前,https://jp.mercari.com/item/m26067021014,False
102,ARC’TERYX アトムLTフーディ(アトムフーディ),43000.0,未使用に近い,半年以上前,https://jp.mercari.com/item/m83432232750,True
103,アークテリクス アトムltフーディー,33800.0,未使用に近い,半年以上前,https://jp.mercari.com/item/m59923046642,False
104,美品　アークテリクス　Atom LT フーディ　黒　M,24500.0,目立った傷や汚れなし,半年以上前,https://jp.mercari.com/item/m94421379981,False
105,ARC'TERYX アークテリクス アトムLT フーディ メンズ Sサイズ,16500.0,目立った傷や汚れなし,半年以上前,https://jp.mercari.com/item/m85540767245,False
106,エラー,,エラー,日付情報なし,https://jp.mercari.com/item/m82208177627,False
107,エラー,,エラー,日付情報なし,https://jp.mercari.com/shops/product/sKikcsFPtcLqQxswYbN2WT,False
108,ARC'TERYX Atom LT hoody アークテリクス　アトム　黒,28000.0,目立った傷や汚れなし,半年以上前,https://jp.mercari.com/item/m61057244297,False
109,アークテリクス　アトムLTフーディ Mサイズ 送料無料,20000.0,傷や汚れあり,半年以上前,https://jp.mercari.com/item/m26436081124,False
110,専用arcteryx ✖️ beams メンズ アトムLT フーディー ボロブルー,39000.0,未使用に近い,半年以上前,https://jp.mercari.com/item/m36480633400,False
111,Arc’teryx Atom LT Hoody Black,34500.0,未使用に近い,半年以上前,https://jp.mercari.com/item/m24949789622,False
112,アトムLTフーディ　アークテリクス,35000.0,未使用に近い,半年以上前,https://jp.mercari.com/item/m32504388848,False
113,アークテリクス　アトムフーディ　ATOM HOODY,48888.0,新品、未使用,半年以上前,https://jp.mercari.com/item/m33686776330,False
114,最終価格　室内試着のみアークテリクス　アトムフーディー旧アトムLTフーディ,34800.0,未使用に近い,半年以上前,https://jp.mercari.com/item/m62705252259,False
115,ARC'TERYX アークテリクス ATOM HOODYアトムフーディ　S,49000.0,新品、未使用,半年以上前,https://jp.mercari.com/item/m65807164293,False
116,アークテリクス　プロトンLTフーディー、L、濃紺,26000.0,目立った傷や汚れなし,半年以上前,https://jp.mercari.com/item/m55721177659,False
117,ARC'TERYX アークテリクス アトムLT フーディ ブラック　L,52000.0,新品、未使用,半年以上前,https://jp.mercari.com/item/m29809725994,False
118,アークテリクス アトムLTフーディ　L 黒,35000.0,目立った傷や汚れなし,半年以上前,https://jp.mercari.com/item/m48205330757,False
119,アークテリクス ARC'TERYX Atom LT HOODY アトム　フーディ,29000.0,目立った傷や汚れなし,半年以上前,https://jp.mercari.com/item/m29585311399,False
120,アークテリクス　アトムフーディ　atom　ltフーディ,7000.0,全体的に状態が悪い,半年以上前,https://jp.mercari.com/item/m78809161093,False
121,アークテリクス　アトムLT　フーディー,35000.0,未使用に近い,半年以上前,https://jp.mercari.com/item/m77106576328,False
122,アークテリクス　アトムLTフーディー,26600.0,目立った傷や汚れなし,半年以上前,https://jp.mercari.com/item/m83027944632,False
123,希少 初期 ARC'TERYX ATOM LT HOODY レアカラー レア,24000.0,目立った傷や汚れなし,半年以上前,https://jp.mercari.com/item/m97219495923,False
124,未使用 アークテリクス ソラノフーディ Sサイズ Nomad ゴアテックス,32000.0,新品、未使用,半年以上前,https://jp.mercari.com/item/m10987847275,False
125,アークテリクス　アトムLTフーディ,26000.0,目立った傷や汚れなし,5日前,https://jp.mercari.com/item/m11479112742,False
126,アークテリクスアトムフーディ,31500.0,目立った傷や汚れなし,半年以上前,https://jp.mercari.com/item/m77086508331,False
127,未使用 アークテリクス アトムLT フーディ　ビームス別注 Lサイズ,45800.0,新品、未使用,半年以上前,https://jp.mercari.com/item/m36489725635,False
128,新品未使用 アークテリクス アトム LT フーディ,37500.0,新品、未使用,半年以上前,https://jp.mercari.com/item/m67295775630,False
129,アークテリクス アトムLT Mサイズ,29800.0,やや傷や汚れあり,半年以上前,https://jp.mercari.com/item/m13292195751,False
130,アークテリクス　アトムLTフーディ　Lサイズ　グリーン,22000.0,やや傷や汚れあり,半年以上前,https://jp.mercari.com/item/m19499510266,False
131,【美品】ARC'TERYX アークテリクス　ATOM LT HOODY ブルゾン,25000.0,目立った傷や汚れなし,半年以上前,https://jp.mercari.com/item/m65530315419,False
132,アークテリクス　ARC'TERYX　アトム フーディ メンズ　ブラック　Lサイズ,44800.0,新品、未使用,半年以上前,https://jp.mercari.com/item/m26731727446,False
133,アークテリクスアトムフーディXXL美品,40000.0,未使用に近い,半年以上前,https://jp.mercari.com/item/m12138355946,False
134,新品　アークテリクス　アトムフーディ メンズ XSサイズ 黒 LT AR SL,43000.0,新品、未使用,半年以上前,https://jp.mercari.com/item/m75088574598,False
135,アトムLTフーディ,32000.0,目立った傷や汚れなし,半年以上前,https://jp.mercari.com/item/m51444359889,False
136,Arc'teryx Atom Hoody Black Sapphire,40000.0,新品、未使用,半年以上前,https://jp.mercari.com/item/m50088328774,False
137,新品 M プロトンフーディ アークテリクス コアロフト アトム LT,39500.0,新品、未使用,半年以上前,https://jp.mercari.com/item/m29912792134,False
138,アトムltフーディ　Atom lt,25000.0,未使用に近い,半年以上前,https://jp.mercari.com/item/m88116663915,True
139,アークテリクス ARC'TERYX Atom Hoody アトムLT サイズS,23000.0,目立った傷や汚れなし,半年以上前,https://jp.mercari.com/item/m46986773594,False
140,アークテリクス アトム LT ATOM LT HOODY ARC'TERYX,28000.0,やや傷や汚れあり,半年以上前,https://jp.mercari.com/item/m70555947392,False
141,アークテリクス アトムジャケット メンズ ARC'TERYX Sサイズ！,41700.0,新品、未使用,半年以上前,https://jp.mercari.com/item/m66037868939,False
142,ARC’TERYX アトムフーディ ブラック　Sサイズ,45800.0,新品、未使用,半年以上前,https://jp.mercari.com/item/m60694631615,False
143,アークテリクス　アトム　フーデイ　LT　ブラック　黒,17990.0,やや傷や汚れあり,半年以上前,https://jp.mercari.com/item/m62476641872,False
144,アークテリクス アトムltフーディ Lサイズ　ブラック　美品,37500.0,目立った傷や汚れなし,半年以上前,https://jp.mercari.com/item/m30712002105,False
145,【でりでりd5様専用】アークテリクス アトムヘビーウェイト フーディ S,53000.0,新品、未使用,半年以上前,https://jp.mercari.com/item/m22728194270,False
146,アークテリクス ARC’TERYX アトムLTフーディ Atom Hoody M,31500.0,目立った傷や汚れなし,半年以上前,https://jp.mercari.com/item/m15266475211,False
147,アークテリクス ATOM HOODIE アトムフーディー,36500.0,未使用に近い,半年以上前,https://jp.mercari.com/item/m82890851255,False
148,新品未使用アークテリクス BETA LTジャケット Lサイズ,80000.0,新品、未使用,半年以上前,https://jp.mercari.com/item/m23503220218,True
149,アークテリクス　アトムLTフーディ　ブラック　Sサイズ,28600.0,目立った傷や汚れなし,半年以上前,https://jp.mercari.com/item/m38034361103,False
150,エラー,,エラー,日付情報なし,https://jp.mercari.com/item/m11312977745,False
151,アークテリクスarc’teryx アトムフーディ アトムLT 当選品‼️,44000.0,新品、未使用,半年以上前,https://jp.mercari.com/item/m78879323228,False
152,アークテリクス　アトムLTフーディ　ATOM LT HOODY MEN'S,24980.0,目立った傷や汚れなし,半年以上前,https://jp.mercari.com/item/m43035725471,False
153,ARC'TERYX ATOM AR HOODY アトムARフーディー 2022,29999.0,目立った傷や汚れなし,半年以上前,https://jp.mercari.com/item/m61495486357,False
154,ARC'TERYX Atom LT hoody,32800.0,目立った傷や汚れなし,半年以上前,https://jp.mercari.com/item/m26786040464,False
155,新品直営店購入 アトムフーディー　サイズM,43900.0,新品、未使用,半年以上前,https://jp.mercari.com/item/m96514695967,False
156,アークテリクス アトムLTフーディー M グレー ARC’TERYX,16000.0,やや傷や汚れあり,半年以上前,https://jp.mercari.com/item/m99913799862,False
157,新品アークテリクス ビームス別注 アトム LT ARC'TERYX BEAMS,49500.0,新品、未使用,半年以上前,https://jp.mercari.com/item/m13005143338,False
158,ARC' TERYX アークテリクス ATOM アトムLTフーディ,17980.0,やや傷や汚れあり,半年以上前,https://jp.mercari.com/item/m93594455157,False
159,Atom LT アトム lt フーディ Mサイズ,6000.0,傷や汚れあり,半年以上前,https://jp.mercari.com/item/m35238766541,False
160,ARC’TERYX BETA JACKET BLACK,69480.0,新品、未使用,半年以上前,https://jp.mercari.com/item/m59827866426,True
161,アークテリクス アトムフーディ メンズM ブラック,41500.0,目立った傷や汚れなし,半年以上前,https://jp.mercari.com/item/m81908532250,False
162,【新品未使用　M】ARC'TERYX アークテリクス　アトム　ジャケット,41980.0,新品、未使用,半年以上前,https://jp.mercari.com/item/m93548367017,False
163,エラー,,エラー,日付情報なし,https://jp.mercari.com/shops/product/RTy933wgwgrLKMyGPsB32K,False
164,アークテリクス アトムltフーディ,31500.0,目立った傷や汚れなし,半年以上前,https://jp.mercari.com/item/m97125584015,False
165,ARC'TERYX アークテリクス　ATOM LT フーディ,23750.0,目立った傷や汚れなし,半年以上前,https://jp.mercari.com/item/m41539029761,False
166,新品　アークテリクス アトムフーディ　ブラック　S,42000.0,新品、未使用,半年以上前,https://jp.mercari.com/item/m30308288123,False
167,新品未使用　　アークテリクス アトムフーディ メンズ L ブラック アトムLT,43900.0,新品、未使用,半年以上前,https://jp.mercari.com/item/m24147301594,False
168,【黒 XL】ARC'TERYX アトムLTフーディ メンズ,45000.0,未使用に近い,半年以上前,https://jp.mercari.com/item/m48103128061,True
169,新品 XL ARC'TERYX Atom LT Hoody アークテリクス,41800.0,新品、未使用,半年以上前,https://jp.mercari.com/item/m10337614195,False
170,アークテリクスアトムLTフーディ　Arc’teryx atom lt hoody,21600.0,やや傷や汚れあり,半年以上前,https://jp.mercari.com/item/m19215191342,False
171,新品　アークテリクス スコミッシュフーディー　サイズS,31800.0,新品、未使用,5か月前,https://jp.mercari.com/item/m66559034661,False
172,arc'teryx アトムフーディ,31000.0,未使用に近い,半年以上前,https://jp.mercari.com/item/m57097147167,False
173,アークテリクス　インターステートジャケット　ゴアテックス　メンズＳ　ブルー,18800.0,やや傷や汚れあり,半年以上前,https://jp.mercari.com/item/m55653643427,False
174,ARC'TERYX × BEAMS 別注 Atom LT Hoody L,47000.0,新品、未使用,半年以上前,https://jp.mercari.com/item/m25373024368,False
175,【国内正規品】アークテリクス アトムAR フーディ メンズ S ディストーション,79999.0,新品、未使用,2か月前,https://jp.mercari.com/item/m70337676454,True
176,ARC'TERYX × BEAMS Atom LT Hoody 別注 L,54700.0,新品、未使用,14日前,https://jp.mercari.com/item/m42053702456,False
